cell,label
aaacccaagcagtctt_t20,resistant
aaacccatcaagatag_t20,resistant
aaacccatcagagtgg_t20,resistant
aaacgctcaccggcta_c,sensitive
aaacgctcagattaag_t20,resistant
aaagaacagaattgca_c,sensitive
aaagaacagccgttat_t20,resistant
aaagaaccacaaccgc_c,sensitive
aaaggatcaagagaga_t20,resistant
aaaggatcaatagtga_t20,resistant
aaaggatgtcacgtgc_t20,resistant
aaaggattcgagttgt_c,sensitive
aaaggattctcactcg_c,sensitive
aaagggccaatggccc_t20,resistant
aaagggctctagttct_t20,resistant
aaaggtaagcgcccat_t20,resistant
aaaggtaaggcacgat_t20,resistant
aaagtccgttgtccct_c,sensitive
aaagtcctccattcgc_t20,resistant
aaagtcctccgtggca_c,sensitive
aaagtcctcgcggtac_c,sensitive
aaagtcctctagagct_t20,resistant
aaagtgaagacttcca_c,sensitive
aaagtgaaggtcgcct_c,sensitive
aaagtgacagaaccga_c,sensitive
aaagtgagtacccgca_t20,resistant
aaagtgagtggtccgt_c,sensitive
aaagtgatcagtgatc_c,sensitive
aaagtgatcttccacg_t20,resistant
aaatggacattactct_c,sensitive
aaatggatcgccgaac_c,sensitive
aaatggatcggacgtc_c,sensitive
aacaaagtctaagcgt_c,sensitive
aacaaccagagaatct_t20,resistant
aacaaccagcgagtac_c,sensitive
aacaacccagacgctc_c,sensitive
aacaacctcgagcctg_t20,resistant
aacaagatcgcacggt_t20,resistant
aacacacgtggaaatt_c,sensitive
aacacacgtgtccgtg_c,sensitive
aacaggggtacccgca_c,sensitive
aacagggtctgaccct_c,sensitive
aaccaactcttggatg_c,sensitive
aaccatgaggacgcat_t20,resistant
aaccatgtctgaggcc_c,sensitive
aaccatgtctttcgat_c,sensitive
aacccaaagttgaagt_t20,resistant
aacccaacagatactc_t20,resistant
aacccaacaggtccca_t20,resistant
aacccaagtgactgag_t20,resistant
aacccaatcgaactca_t20,resistant
aacccaatcgaagcag_t20,resistant
aacctgaagtagaatc_c,sensitive
aacctgacaagggcat_t20,resistant
aacctgatcaacacgt_c,sensitive
aacctttagcctagga_c,sensitive
aacctttagttagaac_t20,resistant
aacctttcatgccggt_t20,resistant
aacctttcattgaaag_c,sensitive
aacgaaaagctacaaa_c,sensitive
aacgaaaagctcgacc_t20,resistant
aacgggaaggttgacg_t20,resistant
aacgtcacaaccagag_c,sensitive
aacgtcagtagctgcc_c,sensitive
aacgtcatcatgagtc_c,sensitive
aacgtcatcctgtaga_c,sensitive
aacgtcatcttagccc_c,sensitive
aagaacacacatacgt_c,sensitive
aagaacacagccgttg_c,sensitive
aagaacatccatatgg_t20,resistant
aagaacatctacgcaa_t20,resistant
aagaacatctagcaac_t20,resistant
aagacaaagttcatcg_c,sensitive
aagacaatcaagctgt_t20,resistant
aagactcagttcggtt_t20,resistant
aagactctcttggaac_c,sensitive
aagatagagacaacta_c,sensitive
aagcatcagctcgacc_t20,resistant
aagcatccacctgata_t20,resistant
aagcatccactaggcc_c,sensitive
aagcatcgtaccggct_t20,resistant
aagcatcgttcgattg_c,sensitive
aagcgaggtaccgcgt_c,sensitive
aagcgttcacccttac_c,sensitive
aagcgtttctactcat_c,sensitive
aaggaatagaagctcg_c,sensitive
aaggaataggaagtga_c,sensitive
aaggaatagttgcatc_t20,resistant
aaggaatcacgtcata_c,sensitive
aaggaattcactccgt_c,sensitive
aaggtaaaggctaacg_t20,resistant
aaggtaaagtcgccac_c,sensitive
aaggtaacatggctgc_t20,resistant
aagtaccagctccacg_c,sensitive
aagtacccagttaaag_t20,resistant
aagtaccgtgctcgtg_c,sensitive
aagtacctcctccaca_c,sensitive
aagtcgtagtgagtta_t20,resistant
aagtcgtcaaggatgc_c,sensitive
aagtcgtcagccatta_c,sensitive
aagtcgttccgcggat_c,sensitive
aagtcgttcgcccaga_t20,resistant
aagtgaaagaaagtct_t20,resistant
aagtgaacatcagtca_c,sensitive
aagtgaatctccaatt_t20,resistant
aagttcgagagttgcg_t20,resistant
aagttcgagcgcttcg_c,sensitive
aagttcgaggactggt_c,sensitive
aagttcgaggcacaac_t20,resistant
aagttcgagtcatcgt_c,sensitive
aatagagagaagtccg_c,sensitive
aatagagcagtgtgcc_t20,resistant
aatagaggttagagta_c,sensitive
aatagaggttgacgga_t20,resistant
aatcacgaggtccgaa_t20,resistant
aatcacgcatccgaat_t20,resistant
aatcacggtggtaata_t20,resistant
aatcacggttagtcgt_t20,resistant
aatcacgtcgccgtga_t20,resistant
aatcgacgtatcgttg_t20,resistant
aatcgacgtggtaata_c,sensitive
aatcgtgtctttcgat_c,sensitive
aatgaagtcaagcttg_t20,resistant
aatgaagtcagtgtgt_c,sensitive
aatgacccaatccttt_c,sensitive
aatgaccgttcagcgc_t20,resistant
aatgacctcgaacgga_c,sensitive
aatgccaagatgttga_t20,resistant
aatgccacaaagaact_c,sensitive
aatgccagttcggtcg_t20,resistant
aatgccatcccatggg_c,sensitive
aatggaagtcgagtga_c,sensitive
aatggaatccatctat_c,sensitive
aatggctagtaaacac_c,sensitive
aatggctcaagacggt_c,sensitive
aattcctagatagcta_t20,resistant
aattccttctcgacgg_c,sensitive
aatttccgtattctct_c,sensitive
aatttccgtcctcatc_c,sensitive
aatttccgtttcactt_c,sensitive
acaaagatcaagctgt_c,sensitive
acaaagatcccttccc_c,sensitive
acaaagatcttggatg_c,sensitive
acaaccaagtcattgc_c,sensitive
acaaccacacttggcg_t20,resistant
acaaccagtgtccggt_c,sensitive
acaagctagctgcgaa_c,sensitive
acaagcttctgaggcc_t20,resistant
acacagtaggaagaac_c,sensitive
acacagtgtacgaaat_c,sensitive
acacagttcgcacgac_c,sensitive
acaccaaagtcgccac_c,sensitive
acaccaaagttctctt_t20,resistant
acaccaacagaagtta_t20,resistant
acaccaagtccaatca_c,sensitive
acaccaagttccgttc_c,sensitive
acaccaagttgtatgc_t20,resistant
acaccaagttgtgccg_t20,resistant
acaccaatccgtacgg_c,sensitive
acacgcgagcactttg_t20,resistant
acacgcgagggaccat_t20,resistant
acacgcgcacggccat_c,sensitive
acacgcgtcatgaaag_t20,resistant
acactgagtaagtagt_t20,resistant
acactgatcccaactc_c,sensitive
acagaaacaataacga_c,sensitive
acagaaatctagaacc_c,sensitive
acagccggttaaacag_c,sensitive
acagccgtcaccgacg_c,sensitive
acagccgtccaaggga_t20,resistant
acagccgtctcgtgaa_t20,resistant
acagggagtggactag_t20,resistant
acatcccgtacaatag_c,sensitive
acatcccgttcgagcc_c,sensitive
acatccctccctgttg_c,sensitive
acatccctctagatcg_c,sensitive
acatcgacactcagat_c,sensitive
acatcgacatcagcta_c,sensitive
acatgcaagaaacact_t20,resistant
acatgcaaggttgttc_c,sensitive
acatgcacacatactg_c,sensitive
acatgcacaccgtctt_c,sensitive
acatgcagttagttcg_t20,resistant
acatttccaaatgaac_c,sensitive
acatttccagcgattt_c,sensitive
acatttcgtagcgttt_c,sensitive
acatttctcggttcaa_c,sensitive
accaaaccagtcggtc_t20,resistant
accaacatcctctcga_c,sensitive
accacaatcacggaga_c,sensitive
accatttagcgaaacc_t20,resistant
accatttaggttccat_c,sensitive
accatttgtggcactc_c,sensitive
acccaaacagccttct_t20,resistant
acccaaacatagctgt_t20,resistant
acccaaagtgctgatt_c,sensitive
acccaaatcaaccttt_c,sensitive
acccaaatccggacgt_t20,resistant
accctcaagtcggcaa_c,sensitive
accctcaagtcttccc_t20,resistant
accctcacactaccct_c,sensitive
accctcagtaagatca_c,sensitive
accctcagtccggtca_t20,resistant
accctcatcctccaca_c,sensitive
acccttgcaccagctg_c,sensitive
acccttggtaggtgca_c,sensitive
acccttgtcggagtag_c,sensitive
accgttcagccattca_c,sensitive
accgttccagttaaag_t20,resistant
accgttctcggtagga_t20,resistant
acctaccgtccaacgc_c,sensitive
acctaccgtcttgagt_c,sensitive
acctgaaagaggttat_c,sensitive
acctgaaagccagtag_c,sensitive
acctgaaaggtgctag_t20,resistant
acctgtcagatcactc_c,sensitive
acctgtcagggacagg_c,sensitive
acctgtcagtataacg_t20,resistant
acctgtctcttctaac_t20,resistant
acgatcacaagtcatc_c,sensitive
acgatcacatcagcta_c,sensitive
acgatcagtatgaagt_t20,resistant
acgatcatcgtttact_c,sensitive
acgatgtagcctcata_t20,resistant
acgatgtcaacggctc_t20,resistant
acgatgtcatgaatag_c,sensitive
acgatgtcattcctat_c,sensitive
acgatgtgtccataca_c,sensitive
acgatgtgtctgcctt_c,sensitive
acgatgtgttgactgt_c,sensitive
acgatgttcctcactg_t20,resistant
acgatgttcgaccata_c,sensitive
acgatgttcttagccc_c,sensitive
acgcacgagtgctagg_c,sensitive
acgcacggtacctatg_t20,resistant
acgcacgtcagacatc_t20,resistant
acgcacgtcccggtag_c,sensitive
acggaagagagcagct_t20,resistant
acggaagcaggtggat_t20,resistant
acggaagtccaaaggg_c,sensitive
acgggtccaacgccca_t20,resistant
acgggtcgtgcattac_t20,resistant
acgggtctccttctaa_c,sensitive
acggtcgaggtacctt_t20,resistant
acggtcgaggtagatt_c,sensitive
acggtcggtactagct_c,sensitive
acggtcggtatgacaa_c,sensitive
acggttatccgcgagt_c,sensitive
acgtaacgtgatcatc_c,sensitive
acgtacacacgcgcat_t20,resistant
acgtacatcttgaacg_t20,resistant
acgtagtaggaacatt_c,sensitive
acgtagtgtatggaat_c,sensitive
acgtccttcgcagtta_t20,resistant
acgttccagcatttgc_c,sensitive
acgttcccacctgaat_c,sensitive
acgttccgtcggccta_c,sensitive
acgttccgtttccaag_t20,resistant
acgttcctctcgagta_c,sensitive
actacgacaaaccgga_t20,resistant
actatctagctggctc_c,sensitive
actatctagtgagtta_c,sensitive
actatctgtatcacgt_c,sensitive
actatcttcagagtgg_c,sensitive
actatggagaggccat_t20,resistant
actatggagctgttac_c,sensitive
actatggagttactcg_c,sensitive
actatgggtgtctcct_c,sensitive
actattcaggttacct_c,sensitive
actattctctagccaa_c,sensitive
actcccacaatccagt_t20,resistant
actcccacactcactc_c,sensitive
actcccatccgcctat_c,sensitive
actctcgaggttaaac_c,sensitive
actctcgcatgccgac_t20,resistant
actgatgcagtcggaa_c,sensitive
actgtccgtcgctcga_c,sensitive
actgtccgtgcccaca_c,sensitive
actgtcctcacggacc_c,sensitive
actgtgagttaaacag_t20,resistant
actgtgatcatgagaa_t20,resistant
actgtgatcgcaattg_c,sensitive
actgtgatctaccaga_c,sensitive
acttaggcaggttcat_c,sensitive
acttaggcatgttcga_c,sensitive
acttagggttacacac_c,sensitive
acttagggttatggtc_t20,resistant
acttaggtcaacgtgt_t20,resistant
acttatcaggctatct_t20,resistant
acttatccaacatcgt_t20,resistant
acttatcgtgtgtgtt_c,sensitive
acttatcgttagggtg_t20,resistant
acttccgagatcactc_c,sensitive
acttccgagtagacat_c,sensitive
acttccgcatacaggg_c,sensitive
acttccgtctagacac_c,sensitive
acttcgcaggaagaac_c,sensitive
acttcgcgttattctc_c,sensitive
actttcacatctatct_c,sensitive
actttcatccagcacg_c,sensitive
actttcatcggagtag_c,sensitive
actttgtagctgaagc_t20,resistant
actttgtcagtagttc_c,sensitive
agaaatgtcctaccgt_c,sensitive
agaaatgtctacccac_c,sensitive
agaacaagtagcgagt_c,sensitive
agaacaagttagttcg_c,sensitive
agaacctcagaagtta_c,sensitive
agaaccttcctacaag_c,sensitive
agaaccttctatcgcc_t20,resistant
agaagcgtcaatcttc_c,sensitive
agaagcgtcattggtg_c,sensitive
agaagtaagagccgta_t20,resistant
agaagtacaaatcgtc_c,sensitive
agaagtatcacaccct_c,sensitive
agacaaaaggaatcgc_t20,resistant
agacaaacagctaccg_c,sensitive
agacaaacaggcgata_t20,resistant
agacaaagtgttactg_c,sensitive
agacaaagttagggtg_t20,resistant
agacaaatccacctca_t20,resistant
agacactcaataacga_t20,resistant
agacacttcaaatgag_c,sensitive
agacacttcgttagtg_c,sensitive
agacagggttgctcaa_c,sensitive
agaccataggatgcgt_t20,resistant
agaccattcactcacc_c,sensitive
agaccattcagcgcgt_c,sensitive
agacccgagaagccac_c,sensitive
agacccggtgagttgg_t20,resistant
agactcagttgccgca_c,sensitive
agactcatcacgtcct_t20,resistant
agactcatcagtccgg_c,sensitive
agagaataggcatgca_c,sensitive
agagaatgtgactaaa_t20,resistant
agagagcagtcaatcc_c,sensitive
agagagctcagtcagt_c,sensitive
agagagctcctgtacc_c,sensitive
agagcagcaaatgcgg_c,sensitive
agagcagcatgtgact_c,sensitive
agagcaggtacctatg_c,sensitive
agagcagtccacgtct_c,sensitive
agagcagtcccgtaaa_c,sensitive
agagcagtctacaggt_t20,resistant
agagccccacctgaat_c,sensitive
agagcccgtctcgacg_t20,resistant
agagccctcaaagcct_c,sensitive
agagccctcccaactc_c,sensitive
agatcgtaggcaatgc_c,sensitive
agatcgtcaaatggta_c,sensitive
agatcgtcacgacctg_c,sensitive
agatgaacaacacact_t20,resistant
agatgaagttacactg_c,sensitive
agatgaagttccaggc_t20,resistant
agatgaatccaggacc_t20,resistant
agatgaatctgcctca_t20,resistant
agatgctgtgcacgct_c,sensitive
agcatcaagaaacccg_c,sensitive
agcatcagtcagctta_c,sensitive
agcatcagttgtggag_c,sensitive
agcatcatcgtgacta_t20,resistant
agccaatcatgtcagt_t20,resistant
agccaatgtgcaataa_t20,resistant
agccaatgtgtccata_c,sensitive
agccaattcatggccg_t20,resistant
agccacgagaagcgct_c,sensitive
agccacgcatgaaagt_t20,resistant
agccagcagcgtcgaa_t20,resistant
agccagcaggtaaact_t20,resistant
agccagctcaccttat_t20,resistant
agccagctcgacgaga_c,sensitive
agcgattagaggtcac_c,sensitive
agcgattagtaatacg_c,sensitive
agcgattcacgtagag_t20,resistant
agcgattcagataaac_c,sensitive
agcgattcagctggtc_t20,resistant
agcgattcattgctga_c,sensitive
agcgattgttggcctg_t20,resistant
agcgccacaaccgctg_t20,resistant
agcgccacagaggaaa_t20,resistant
agcgccagtcaaacgg_c,sensitive
agcgccagtcggattt_c,sensitive
agcgccatcaaggtgg_c,sensitive
agcgctgagcgcctac_c,sensitive
agcgctgtcccgaaat_t20,resistant
agcgctgtctcatttg_c,sensitive
agcgctgtctccgtgt_t20,resistant
agcgctgtctctagga_t20,resistant
agcgtatgtcgcctag_t20,resistant
agcgtcgagaatttgg_c,sensitive
agctacaagcggatca_c,sensitive
agctacaagtctacca_t20,resistant
agctcaaagcaacttc_t20,resistant
agcttcccaatcgtca_c,sensitive
aggaaatagcaagtcg_c,sensitive
aggaaatagggaccat_c,sensitive
aggaaatcagagctag_c,sensitive
aggaaatgtggtgatg_c,sensitive
aggaaattcccgtgag_c,sensitive
aggaaattcgtagccg_c,sensitive
aggaatacacaagccc_t20,resistant
aggacgaagacttcca_c,sensitive
aggacgaagttccatg_c,sensitive
aggacgagtccgtacg_c,sensitive
aggacgatcatacgac_c,sensitive
aggacttcaacgactt_c,sensitive
aggactttcaactacg_t20,resistant
aggaggtgtgttcagt_c,sensitive
aggaggttcgttgtga_t20,resistant
aggataaaggatcata_c,sensitive
aggataagtcgaattc_c,sensitive
aggataagttgcatac_c,sensitive
aggataatcaaagaca_t20,resistant
aggataatcaagatag_c,sensitive
aggatctagatcgacg_t20,resistant
aggatcttctagagct_t20,resistant
aggcattcacaatctg_t20,resistant
aggcattcagagaaag_c,sensitive
aggcattgttatgtgc_t20,resistant
aggcatttcaaggctt_t20,resistant
aggccacagttgaaac_t20,resistant
aggctgccagaaatca_t20,resistant
aggctgcgtcctgttc_c,sensitive
aggctgcgtctcgggt_t20,resistant
aggctgctcactgttt_c,sensitive
agggagtaggaagtga_c,sensitive
agggagtagggttagc_c,sensitive
agggagtagtatgtag_t20,resistant
agggagtcagtctaca_c,sensitive
agggagtgtacttgtg_t20,resistant
agggagtgtgagtagc_c,sensitive
agggagttcagagtgg_c,sensitive
agggagttctttcagt_c,sensitive
agggcctcaataaggt_c,sensitive
agggcctcaatagagt_c,sensitive
agggcctgtagttcca_c,sensitive
agggccttcatttcgt_c,sensitive
agggctcagatttgcc_c,sensitive
agggctcagcctcgtg_c,sensitive
agggctcgtgcatact_t20,resistant
agggctctccctcaac_c,sensitive
agggtccagggacagg_c,sensitive
agggtccagtctagct_c,sensitive
agggtcccaacactac_c,sensitive
agggtcctcggacaag_c,sensitive
agggtgacaatacgaa_t20,resistant
agggtgacaatttcgg_t20,resistant
agggtgacataggcga_c,sensitive
agggtttcagcgtgct_t20,resistant
aggtaggcaatcgcat_c,sensitive
aggtaggtctctctaa_c,sensitive
aggtcatagatgattg_c,sensitive
aggtctaagcgcatcc_c,sensitive
aggtctacatagaggc_t20,resistant
aggtctagtctctcac_c,sensitive
aggtctagtctgttag_t20,resistant
aggtgttcacaagccc_c,sensitive
aggtgttgtatgagat_t20,resistant
aggtgtttcgcgtttc_c,sensitive
aggtgtttcggtgaag_t20,resistant
aggttacagagcaaga_t20,resistant
aggttacagctttctt_c,sensitive
aggttacaggcaggga_c,sensitive
aggttaccacacagag_c,sensitive
aggttaccattacggt_c,sensitive
aggttactctaagcca_c,sensitive
aggttgtgtcatggcc_c,sensitive
agtaaccagtaacgat_c,sensitive
agtaacccaaatggcg_c,sensitive
agtaacccacccttac_t20,resistant
agtaaccgtttaccag_c,sensitive
agtaccaagacatcct_c,sensitive
agtaccatcactagca_t20,resistant
agtactgcactgtcct_t20,resistant
agtactggtagtggca_c,sensitive
agtactggtttcgttt_t20,resistant
agtactgtcagcccag_t20,resistant
agtactgtccaactga_c,sensitive
agtagctcatgacact_c,sensitive
agtagctgtagattag_c,sensitive
agtagcttcatacggt_t20,resistant
agtagcttcccaggca_t20,resistant
agtagcttctagtacg_c,sensitive
agtagtccacatggtt_c,sensitive
agtagtccatagtcac_c,sensitive
agtagtcgttgtgccg_c,sensitive
agtagtctcttaccgc_c,sensitive
agtcaacagaagctgc_c,sensitive
agtcaacagtggcctc_c,sensitive
agtcaaccaagcgcaa_t20,resistant
agtcaacgtactcgta_c,sensitive
agtcaactcaaggagc_t20,resistant
agtcacaagggtatat_t20,resistant
agtcacacaaagcaat_t20,resistant
agtcacacaatcgaaa_c,sensitive
agtcacacaccgaatt_c,sensitive
agtcacagtggcttgc_c,sensitive
agtcacagttaacctg_t20,resistant
agtcacatcgacgctg_c,sensitive
agtcatgcatgatctg_c,sensitive
agtcatggtacttgtg_c,sensitive
agtctccagactcgag_t20,resistant
agtctccagaggcgtt_c,sensitive
agtctccagtaagact_c,sensitive
agtctcccagtcaact_c,sensitive
agtctcccagtttggt_t20,resistant
agtctccgttccggtg_t20,resistant
agtgactagacctttg_c,sensitive
agtgactagttaacag_c,sensitive
agtgactcactctaga_c,sensitive
agtgactgtctactga_t20,resistant
agtgatcaggtgatcg_t20,resistant
agtgatcagtatgaca_c,sensitive
agtgatccagacccgt_c,sensitive
agtgatcgtataggat_c,sensitive
agtgccgaggctttca_t20,resistant
agtgccgagtataggt_c,sensitive
agtgccgagtatgatg_t20,resistant
agtgccgtcagagcag_t20,resistant
agtgttgcagctaact_c,sensitive
agtgttggtaagatca_t20,resistant
agtgttgtcgagaagc_c,sensitive
agttagcaggaaaggt_c,sensitive
agttagcagttagtga_c,sensitive
agttagccactacaca_c,sensitive
agttagcgttacggag_c,sensitive
agttagctccttatac_c,sensitive
agttcccagcgcgttc_c,sensitive
agttcccagtggcctc_t20,resistant
agttccccaaagtatg_c,sensitive
agttccccagcaagac_t20,resistant
agttcccgtagcgatg_t20,resistant
agttcgaagcaccaga_t20,resistant
agttcgacactatcga_c,sensitive
agttcgagtacaagta_c,sensitive
ataccgaagaagggat_t20,resistant
ataccgaaggtagtat_t20,resistant
ataccgacaactgccg_t20,resistant
ataccgacacttgaca_c,sensitive
ataccgatctacacag_c,sensitive
atacttccaaacacct_t20,resistant
atacttccagtgagca_t20,resistant
atagaccagtcacgcc_c,sensitive
atagaccgtaagcaat_t20,resistant
atagaccgtcgtatgt_c,sensitive
atagaccgtcttactt_c,sensitive
atagaccgtcttccgt_t20,resistant
atagagaagaggatcc_c,sensitive
atagagaaggttacaa_t20,resistant
atagagacacacggaa_t20,resistant
atagagagtaggagtc_t20,resistant
atagagagtatacctg_t20,resistant
atagagagtcgcttaa_c,sensitive
atagagatccgtacgg_t20,resistant
ataggctgttgggcct_t20,resistant
atatcctgtgcccttt_c,sensitive
atcacagcactgagtt_t20,resistant
atcacagtccatctat_c,sensitive
atcacagtccttcagc_c,sensitive
atcacagtcgagagac_t20,resistant
atcacagtcgctctac_t20,resistant
atcacgaagtcctgcg_t20,resistant
atcacgatcagacccg_c,sensitive
atcacgatcgtgacta_c,sensitive
atcacttaggttagta_t20,resistant
atcacttcaagctgtt_t20,resistant
atcacttcactatccc_c,sensitive
atcacttcagtagagc_c,sensitive
atcacttcagtcggaa_c,sensitive
atcacttcatgtttgg_c,sensitive
atcacttgtccaatca_c,sensitive
atcacttgttctccac_c,sensitive
atcaggtaggcaggga_c,sensitive
atcaggtagtgatagt_c,sensitive
atcaggtgtccttgtc_t20,resistant
atcaggttcctcgcat_c,sensitive
atcattcagcctgcca_t20,resistant
atcattctcgatacac_c,sensitive
atcattctctacttca_t20,resistant
atcattctctttccaa_c,sensitive
atccaccaggtctact_c,sensitive
atccacccagtaacgg_c,sensitive
atccacccatcccgtt_c,sensitive
atccaccgtaacaggc_t20,resistant
atccaccgtatagggc_c,sensitive
atccaccgtcaccgac_c,sensitive
atccacctcaccctca_c,sensitive
atccattcacctgata_c,sensitive
atccctgagggaggac_t20,resistant
atccctgcatcagcgc_t20,resistant
atccctgtctccgaaa_c,sensitive
atccctgtcttcccag_c,sensitive
atcctatcagtttcag_t20,resistant
atcctatgttagggac_c,sensitive
atcctattcggaactt_c,sensitive
atcgatgcaatgcaaa_c,sensitive
atcgatggttccttgc_c,sensitive
atcgatgtccatgcaa_c,sensitive
atcgcctagttgtcac_c,sensitive
atcgcctcaagcccac_c,sensitive
atcgcctgtcaaccta_t20,resistant
atcgccttccaagcta_t20,resistant
atcggatgtcactaca_t20,resistant
atcggattcacaccgg_c,sensitive
atcggattcggacaag_c,sensitive
atcggcgagggtgagg_c,sensitive
atcggcgtctcatgga_t20,resistant
atcggcgtcttccagc_t20,resistant
atcgtccgtggtaata_t20,resistant
atcgtgaagtagatca_c,sensitive
atcgtgaagtttcagc_c,sensitive
atcgtgacacaaatcc_c,sensitive
atcgtgatctatcgcc_c,sensitive
atctctacatgtacgt_c,sensitive
atctctagtggtcaag_c,sensitive
atctctatcacagtgt_t20,resistant
atcttcagtcgtattg_c,sensitive
atcttcatccgcactt_t20,resistant
atgaaagagacgagct_c,sensitive
atgaaagagccgaaca_t20,resistant
atgaaaggtgtacatc_c,sensitive
atgaccagtcgagatg_t20,resistant
atgaccagtcttccgt_t20,resistant
atgaccatcatcccgt_c,sensitive
atgaccatcgaagcag_c,sensitive
atgaggggtgactgag_c,sensitive
atgaggggtgttcgta_c,sensitive
atgagtcagaaattcg_c,sensitive
atgatcgtccgagaag_t20,resistant
atgcatgagctactac_c,sensitive
atgcctcagcttcatg_t20,resistant
atgcctctcattcact_t20,resistant
atgcctctcgaacact_t20,resistant
atgcgatagggcgaag_c,sensitive
atgcgattcgccgaac_c,sensitive
atggaggagcctgtcg_c,sensitive
atggagggtagaatgt_c,sensitive
atggatccacaagctt_c,sensitive
atgggagagccatccg_c,sensitive
atgggagaggcatggt_t20,resistant
atgggagaggtactgg_c,sensitive
atgggagcaaggatgc_t20,resistant
atgggagcacctgcag_t20,resistant
atgggagcactcagat_t20,resistant
atgggagcagagaggg_c,sensitive
atgggagcaggtggat_t20,resistant
atgggaggtcacaatc_t20,resistant
atgggaggttgagagc_t20,resistant
atgggttcatcccact_t20,resistant
atgggtttccatagac_c,sensitive
atgggtttcgaactca_c,sensitive
atggttgagatgaagg_t20,resistant
atggttgagtttgaga_t20,resistant
atggttggtggagaaa_t20,resistant
atgtcccagaactgat_t20,resistant
atgtcccgtatctctt_t20,resistant
atgtcttcaacgccca_c,sensitive
atgtcttcacaaatcc_c,sensitive
atgtcttgtacacgcc_t20,resistant
atgtcttgtgtctcct_t20,resistant
atgtcttgttcgaagg_c,sensitive
attacctcacaatctg_c,sensitive
attaccttctcgtcgt_t20,resistant
attactcagaaggtag_t20,resistant
attactcaggataatc_t20,resistant
attactcgtatgcaaa_t20,resistant
attactctcgcgccaa_t20,resistant
attatccagtttcggt_c,sensitive
attatccgtcggtgtc_t20,resistant
attatcctcaaaccca_c,sensitive
attatcctcagtgttg_c,sensitive
attatcctcatggtac_t20,resistant
attatcctccgtgtgg_c,sensitive
attatcctcgacaccg_t20,resistant
attcactgttaagaac_c,sensitive
attcaggagcgtcaga_c,sensitive
attcaggagctaatcc_c,sensitive
attcaggaggtatagt_t20,resistant
attcaggcatggaacg_t20,resistant
attcaggcattcctcg_c,sensitive
attcagggtaggatat_t20,resistant
attcagggtatgtgtc_c,sensitive
attcatcagcatccta_c,sensitive
attcatccaccgtgac_c,sensitive
attcatctcacaatgc_t20,resistant
attcatctcttcttcc_t20,resistant
attccatagttgctgt_t20,resistant
attccatgtataggat_c,sensitive
attccattctagacac_t20,resistant
attcccgagcgcaatg_t20,resistant
attcccgtcgagatgg_t20,resistant
attcctaaggtctgga_t20,resistant
attcgttagagcagaa_t20,resistant
attcgttcattgcaac_c,sensitive
attcgttgttcaggtt_t20,resistant
attctactcgaacgga_t20,resistant
attctactctgtgtga_t20,resistant
attcttgtcactccgt_c,sensitive
attcttgtcatcccgt_t20,resistant
attcttgtccgaaatc_t20,resistant
attcttgtcggagatg_t20,resistant
attgggtaggacaaga_c,sensitive
attgggtagtgctact_c,sensitive
attgggttcccatacc_t20,resistant
attgttcagagcctga_c,sensitive
attgttcgtggctgct_t20,resistant
attgttcgttctatct_t20,resistant
attgttctcatctgtt_c,sensitive
atttacccaggcattt_c,sensitive
atttacccataccatg_t20,resistant
atttacctctacgcaa_c,sensitive
atttcacagctcgtgc_t20,resistant
atttcaccaggctatt_c,sensitive
atttcacgttctgaca_c,sensitive
atttctgcacaagctt_c,sensitive
atttctgcacttcaga_c,sensitive
atttctgcagtctaca_c,sensitive
atttctggtagctgcc_t20,resistant
atttctggttgctcaa_t20,resistant
atttctggttgggttt_c,sensitive
caaagaaagcagcctc_c,sensitive
caaagaaagctgagtg_c,sensitive
caaagaacacagtccg_c,sensitive
caaagaacatggaacg_t20,resistant
caaagaagttccggtg_c,sensitive
caaagaatctttgatc_t20,resistant
caacaacagccgaaca_c,sensitive
caacaaccaaggatgc_c,sensitive
caacaacgtcgagttt_c,sensitive
caacaacgtgcacatt_t20,resistant
caacaactctgtccgt_c,sensitive
caacagtagctatcca_t20,resistant
caacagtcaactccct_t20,resistant
caacagtgtgctgatt_c,sensitive
caacagtgtgtgtccg_c,sensitive
caacagttcggcttct_c,sensitive
caacagttcgttcatt_c,sensitive
caacagttcttacgtt_c,sensitive
caaccaacaaattgga_t20,resistant
caaccaagtttcggcg_c,sensitive
caacctcagacgactg_c,sensitive
caacctcagtatctgc_c,sensitive
caacctctcacaccct_c,sensitive
caacctctcttccagc_c,sensitive
caacgatcaattctct_c,sensitive
caacggcagatgttga_c,sensitive
caacggcagtacccta_c,sensitive
caacggccaccgctag_t20,resistant
caacggctctggccag_c,sensitive
caagactgtgttcagt_c,sensitive
caagaggagccgaaca_c,sensitive
caagaggcacctgata_c,sensitive
caagagggtcaaatcc_c,sensitive
caagagggtcaatctg_c,sensitive
caagaggtcattcttg_t20,resistant
caagaggtccacagcg_t20,resistant
caagaggtcgacacta_t20,resistant
caagctaagctagagc_c,sensitive
caagctaagtctgtac_c,sensitive
caagctacacggtaga_t20,resistant
caagctagtatacggg_t20,resistant
caagctagtttagaga_t20,resistant
caagggacaactgccg_c,sensitive
caatacgcaaccctct_t20,resistant
caatacgcatgacgag_t20,resistant
caatacggttcgattg_t20,resistant
caatcgaagagaatct_t20,resistant
caatcgacagctctgg_c,sensitive
caatcgatcggatact_t20,resistant
caatgaccactaccgg_c,sensitive
caatgacgtgatagta_t20,resistant
caatttccaaccgtgc_c,sensitive
caatttcgtcggaaca_t20,resistant
caatttctcaaggctt_t20,resistant
cacaacacacaagctt_c,sensitive
cacaacagtatcaggg_c,sensitive
cacaacagtgctagcc_t20,resistant
cacacaagtagagctg_t20,resistant
cacacaagtcgacgct_c,sensitive
cacacaagtttgttgg_c,sensitive
cacacaatcggttagt_t20,resistant
cacagatagtgcctcg_t20,resistant
cacagatgtagacaat_c,sensitive
cacagatgtaggaggg_t20,resistant
cacagattcttaaggc_c,sensitive
cacaggctctcactcg_c,sensitive
cacatgagttcctacc_c,sensitive
cacatgatccttcacg_t20,resistant
caccaaaagacttcac_c,sensitive
caccaaaagcctttga_t20,resistant
caccaaacaattgcca_t20,resistant
caccaaacatctcatt_c,sensitive
caccgttgtccttaag_c,sensitive
cacgaattctcccatg_t20,resistant
cacgaattctcttgcg_c,sensitive
cacgaattcttcgctg_t20,resistant
cacgtggagactacct_t20,resistant
cacgtggagagagcaa_t20,resistant
cacgtggagagccgat_t20,resistant
cacgtggagataacac_c,sensitive
cacgtggagcgtgaac_t20,resistant
cacgtgggtcctgttc_c,sensitive
cacgtgggtcgaacga_c,sensitive
cacgtgggtcgagttt_t20,resistant
cacgtggtctgtgtga_c,sensitive
cacgttccaccttcca_c,sensitive
cacgttcgttcttgtt_c,sensitive
cactaagtctttgcat_c,sensitive
cactgaaagcctcacg_c,sensitive
cactgaacattgacca_c,sensitive
cactgaagtaacttcg_t20,resistant
cactgggagtatgagt_c,sensitive
cactgggcatcggaag_t20,resistant
cactggggtacctaac_c,sensitive
cactggggtgggagag_t20,resistant
cactggggttaaaccc_t20,resistant
cactggggttatagcc_c,sensitive
cactgggtcctccaca_c,sensitive
cactgtcagcaactct_c,sensitive
cactgtccaagacaat_t20,resistant
cactgtccacagtcgc_c,sensitive
cactgtcgtggcatcc_c,sensitive
cactgtctcgtgcacg_c,sensitive
cagagccaggctctat_t20,resistant
cagagccagttggaat_c,sensitive
cagagcccataggttc_c,sensitive
cagagccgtccacttc_c,sensitive
cagagcctcattcgga_t20,resistant
cagatacagtagctct_c,sensitive
cagatacgtacggatg_c,sensitive
cagatactccggacgt_c,sensitive
cagatactctgcatga_t20,resistant
cagatcacaattcgtg_t20,resistant
cagattgagcgtctcg_t20,resistant
cagattgaggcctgaa_c,sensitive
cagattgcaactcgat_t20,resistant
cagattggtactaaga_t20,resistant
cagattggttgcacgc_c,sensitive
cagattggtttacctt_t20,resistant
cagcaatagacttcgt_c,sensitive
cagcaatcacaaatcc_c,sensitive
cagcaatcacgacaag_t20,resistant
cagcaatcagcgcttg_t20,resistant
cagcaatcagctgaga_t20,resistant
cagcaattccgacata_t20,resistant
cagcacggtgtccgtg_t20,resistant
cagcacgtcgccttgt_c,sensitive
cagcacgtcgctctca_c,sensitive
cagcagcagaacgcgt_c,sensitive
cagcagccaatacaga_t20,resistant
cagcagctctactcat_c,sensitive
cagcgtgagcgcccat_t20,resistant
cagcgtgagtaatccc_c,sensitive
cagcgtgtcgtggaag_c,sensitive
caggccaaggatggct_c,sensitive
cagggctgtaagtagt_c,sensitive
cagggctgtcaaccat_t20,resistant
cagggcttccgcacga_c,sensitive
caggtattcgactcct_c,sensitive
cagtgcggtttctatc_t20,resistant
cagtgcgtccaaccgg_c,sensitive
cagttagcagacctgc_t20,resistant
cagttccaggttggtg_t20,resistant
cagttccagtgtgttc_c,sensitive
cagttcccacagtatc_c,sensitive
cagttcccagaatcgg_t20,resistant
cataagcaggtaagtt_t20,resistant
cataagcaggtacata_t20,resistant
cataagcaggtcctgc_t20,resistant
cataagctcggctgac_c,sensitive
catacagtccctatta_c,sensitive
catacccagattgaca_c,sensitive
catacccgtcggtgaa_c,sensitive
catacccgtctgcctt_t20,resistant
catacccgtcttacag_c,sensitive
catacccgtggtaacg_c,sensitive
cataccctcatttggg_c,sensitive
catacttagcaaccag_c,sensitive
catacttgtgccgaaa_c,sensitive
catactttccattcat_c,sensitive
catactttcccgaggt_t20,resistant
catagacaggttagta_c,sensitive
catagaccactccact_t20,resistant
catagactcccatacc_c,sensitive
catcaagcaaagctaa_t20,resistant
catcaaggtggacagt_c,sensitive
catcaaggttcatcga_c,sensitive
catccacaggctctat_t20,resistant
catccaccacgacgct_c,sensitive
catccaccacgtcata_t20,resistant
catccactcgagctgc_c,sensitive
catcccaagctactgt_c,sensitive
catcccaagtatggat_c,sensitive
catcccacaaatccca_c,sensitive
catcccacatccgata_c,sensitive
catcccacattcagca_c,sensitive
catcccatccacgtgg_c,sensitive
catccgtcaagaatgt_t20,resistant
catccgtgtcacgacc_t20,resistant
catccgttccgcactt_c,sensitive
catccgttctatcact_c,sensitive
catcgctagttgggac_c,sensitive
catcgctcagggttga_t20,resistant
catcgctgtggtctat_c,sensitive
catcgcttctctctaa_c,sensitive
catcggggtccgtacg_c,sensitive
catcgggtcccgttgt_c,sensitive
catcgtccagtcagcc_c,sensitive
catcgtcgtcgttggc_c,sensitive
catcgtcgtgatgtaa_c,sensitive
catcgtctctctcgac_c,sensitive
catgagtaggcatttc_t20,resistant
catgagtcagatacct_c,sensitive
catgagtgtacttgtg_c,sensitive
catgagtgtctactga_c,sensitive
catgagtgtgaatgta_c,sensitive
catgagttcaagcttg_t20,resistant
catgagttcgagaagc_c,sensitive
catgagttctggttga_c,sensitive
catgcaagtcgctcga_c,sensitive
catgcaagtgctattg_t20,resistant
catgcctcaaccgcca_c,sensitive
catgcctcaatagtga_t20,resistant
catgcggaggactggt_c,sensitive
catgcggagtgataac_t20,resistant
catgctccaactccct_c,sensitive
catgctcgtcctgggt_c,sensitive
catggtaaggtgagct_c,sensitive
catggtacacgatagg_t20,resistant
catggtagtcgtgtta_t20,resistant
cattcatagcgcttcg_c,sensitive
cattcatcaaatggta_t20,resistant
cattcatgtagacggt_c,sensitive
cattcatgttcgattg_t20,resistant
cattcatgtttgaacc_t20,resistant
cattcattcctaccac_t20,resistant
cattccgagcaaacat_t20,resistant
cattccgagcagcaca_c,sensitive
cattccgcagtgcgct_t20,resistant
cattccggtccagcca_c,sensitive
cattccggtggaacca_c,sensitive
cattccggttccgcga_c,sensitive
cattctacaatcgcgc_t20,resistant
cattctacacgcgcat_c,sensitive
cattgagaggattcaa_t20,resistant
cattgaggtaccagag_c,sensitive
cattgaggtggaacac_c,sensitive
cattgccagaaactac_c,sensitive
cattgcccatctccca_c,sensitive
cattgccgttgaagta_c,sensitive
cattgcctcccttccc_c,sensitive
cattgttaggactggt_t20,resistant
cattgttcactgtgat_t20,resistant
cattgtttcattggtg_t20,resistant
catttcaaggctggat_c,sensitive
catttcaagtatgagt_c,sensitive
catttcacatattcgg_c,sensitive
catttcatccgatgcg_c,sensitive
ccaagcggttgatcgt_c,sensitive
ccaatgagtagctttg_c,sensitive
ccaatttagtgagcca_t20,resistant
ccaattttcgcttgaa_t20,resistant
ccacaaatcatgagtc_t20,resistant
ccacaaatcggaatgg_t20,resistant
ccacactcattcctat_t20,resistant
ccacactgtactcaac_c,sensitive
ccaccatagatgaact_c,sensitive
ccaccatagattgggc_t20,resistant
ccaccatcactctaga_c,sensitive
ccacgagagtataacg_c,sensitive
ccacgagcaagttcca_c,sensitive
ccacgagcatgttacg_c,sensitive
ccacgaggtggcgtaa_c,sensitive
ccacgagtccattgga_c,sensitive
ccacgttagagtggct_c,sensitive
ccacgttcaaagtatg_c,sensitive
ccacgttcaaatacag_t20,resistant
ccacgttgttaggacg_c,sensitive
ccacgtttctgggcgt_t20,resistant
ccacttgaggtagcca_t20,resistant
ccacttgcaagattga_c,sensitive
ccacttgcacgacgtc_c,sensitive
ccacttgcagacggat_c,sensitive
ccataagagccgaaca_c,sensitive
ccataagtcccgagtg_c,sensitive
ccataagtcgttgcct_t20,resistant
ccatcacagacctttg_c,sensitive
ccatcacagagcctga_t20,resistant
ccatcacagattcgct_t20,resistant
ccatcacaggttctac_c,sensitive
ccatcacagtctagaa_c,sensitive
ccatcaccaggcatga_t20,resistant
ccatcaccatgtgact_c,sensitive
ccatcactcccgaaat_c,sensitive
cccaactagaagcggg_t20,resistant
cccaactagcaagcca_c,sensitive
cccaactcaacgactt_c,sensitive
cccaactcagctgtcg_c,sensitive
cccaactcatacagct_t20,resistant
cccaactcatcgatca_t20,resistant
cccaactgtttggagg_t20,resistant
cccaacttcaggaagc_c,sensitive
cccaacttcagtcaca_c,sensitive
cccattgagctgaaat_c,sensitive
cccattgcaataacga_c,sensitive
cccattgcagtctctc_c,sensitive
cccattgcatcagtgt_c,sensitive
cccattgcattctcta_c,sensitive
cccattggttagggtg_c,sensitive
cccgaagagtggttct_t20,resistant
cccgaaggtgtatacc_t20,resistant
cccggaacaagtcccg_c,sensitive
cccggaagtacagagc_t20,resistant
cccggaagtatgcaaa_c,sensitive
ccctaaccaggtgtga_t20,resistant
ccctaaccatccggca_c,sensitive
ccctcaaagtcacact_c,sensitive
ccctcaacaatgaaac_c,sensitive
ccctcaagtcagactt_c,sensitive
ccctcaagttccgcga_c,sensitive
ccctctccataatgcc_t20,resistant
ccctctcgtttacctt_c,sensitive
ccctctctcactctta_c,sensitive
ccctctctcgcgtcga_t20,resistant
ccctgatagtaagact_c,sensitive
cccttaggttccttgc_c,sensitive
ccgaacggtgtttctt_t20,resistant
ccgatggcaagaaact_c,sensitive
ccgatggcaggtctcg_c,sensitive
ccgcaagagggagggt_t20,resistant
ccgcaagcacaagctt_c,sensitive
ccgcaagcaccgtgac_c,sensitive
ccgcaaggtgtgctta_t20,resistant
ccgcaaggttacgatc_c,sensitive
ccggacatccctatta_c,sensitive
ccggacatcgattccc_t20,resistant
ccgggtacaggcatga_t20,resistant
ccgggtagtatacctg_c,sensitive
ccgggtagtgctattg_c,sensitive
ccggtaggtagcgtcc_t20,resistant
ccggtgacaaattgcc_t20,resistant
ccggtgagtacaaagt_t20,resistant
ccggtgagtccctaaa_c,sensitive
ccgtgaggttcaccgg_t20,resistant
ccgtgagtcattgctt_c,sensitive
ccgttcacactgagga_t20,resistant
ccgttcagtcttcaag_c,sensitive
cctaaccagatcctac_c,sensitive
cctaacccagaccaga_c,sensitive
cctaacctccggactg_c,sensitive
cctaacctcctatttg_c,sensitive
cctaacctcttgcaag_c,sensitive
cctaagaagcaaatgt_t20,resistant
cctaagacacattgtg_c,sensitive
cctaagagtcttcatt_t20,resistant
cctaagatcgtaacac_c,sensitive
cctacgtcactaggtt_t20,resistant
cctacgttcgtcacct_c,sensitive
cctatcgagcctatca_c,sensitive
cctatcgaggaaaggt_c,sensitive
cctatcggtacaaagt_c,sensitive
cctatcggtggacctc_c,sensitive
cctcaacgtcggtacc_c,sensitive
cctcaacgtgcctgca_c,sensitive
cctcaactcgaaggac_c,sensitive
cctcacaaggacccaa_t20,resistant
cctcacaaggcaccaa_t20,resistant
cctcacacaattgtgc_t20,resistant
cctcacacacaaacgg_c,sensitive
cctcacacatgtgact_t20,resistant
cctcacatcgtgggtc_c,sensitive
cctcagtcagctctgg_c,sensitive
cctccaatcttctcaa_c,sensitive
cctcctcagcgacagt_c,sensitive
cctcctccaaagaact_c,sensitive
cctcctctcgcgtgac_t20,resistant
cctctagagcgaatgc_t20,resistant
cctctaggtgtaacgg_c,sensitive
cctctcccagcacaag_c,sensitive
cctctcccatgagata_c,sensitive
cctctcctcattcgtt_c,sensitive
cctgcatagtaatacg_c,sensitive
cctgcatgttaacctg_t20,resistant
cctgttgcaagtggac_c,sensitive
cctgttgcacctcgtt_c,sensitive
cctgttggtacgaaat_c,sensitive
cctgttggtcgaacga_t20,resistant
cctgttgtcttcacgc_t20,resistant
ccttcagagacgatat_t20,resistant
ccttcagagcgttccg_c,sensitive
ccttcaggtcaaagta_c,sensitive
ccttcagtccgtgacg_c,sensitive
ccttcagtcctgtaag_c,sensitive
ccttgtgagtacgagc_t20,resistant
ccttgtgcagaactct_t20,resistant
ccttgtgtcgcctcta_c,sensitive
cctttggcaaatccca_t20,resistant
cctttgggtaagtagt_t20,resistant
cctttgggtgtgaata_c,sensitive
cctttggtccctcgta_c,sensitive
cgaaggaagatagcat_c,sensitive
cgaaggatctctggtc_c,sensitive
cgaagttagcttctag_t20,resistant
cgaagttgtaaggcca_c,sensitive
cgaagtttcaaccttt_c,sensitive
cgaagtttcgagaacg_t20,resistant
cgaattgagacgcatg_c,sensitive
cgaattgagcgtcaga_t20,resistant
cgaattgcaactcgat_c,sensitive
cgaattggtagacaat_c,sensitive
cgaattggtctctctg_c,sensitive
cgaattgtcgtcacct_t20,resistant
cgacagcaggcgatac_c,sensitive
cgacagctcaacgagg_c,sensitive
cgacagctcactgatg_c,sensitive
cgagaagcaggacatg_c,sensitive
cgagaagcattaggct_c,sensitive
cgaggaacataagatg_c,sensitive
cgaggaacatacagaa_c,sensitive
cgaggctcacaacatc_c,sensitive
cgaggcttcaacctcc_c,sensitive
cgaggcttccctgttg_c,sensitive
cgagtgccagaggact_c,sensitive
cgagttaagctccctt_c,sensitive
cgagttacaggacatg_t20,resistant
cgagttacaggcctgt_c,sensitive
cgagttatcgtcaaca_c,sensitive
cgagttatctaagcca_t20,resistant
cgatcggagctcagag_t20,resistant
cgatcggcaagcctgc_t20,resistant
cgatcgggtaactaag_t20,resistant
cgatcggtcacccatc_c,sensitive
cgatgcgagcctttga_t20,resistant
cgatgcgtccaaccgg_c,sensitive
cgatgcgtcctatttg_c,sensitive
cgcaggtcaccctgag_c,sensitive
cgcaggtgtgtgatgg_t20,resistant
cgcataaagcattgtc_c,sensitive
cgcatggcagagggtt_c,sensitive
cgcatgggtgcccaca_c,sensitive
cgccagaaggtaggct_t20,resistant
cgccagaagttacggg_c,sensitive
cgccagagttgccata_t20,resistant
cgccattagagtatac_c,sensitive
cgccattgtcaaagta_c,sensitive
cgcgtgacacccgtag_t20,resistant
cgcgtgacattgggag_c,sensitive
cgcgtgagtgcctgca_t20,resistant
cgcgtgatccataggt_t20,resistant
cggaacccacaatctg_c,sensitive
cggaaccgtatcgcat_c,sensitive
cggaaccgtctgttag_t20,resistant
cggaacctcgacgtcg_c,sensitive
cggaacctcggccttt_c,sensitive
cggaattaggtcaccc_t20,resistant
cggaattcaagaggtc_c,sensitive
cggaattcattcgggc_t20,resistant
cggaattgtccctaaa_c,sensitive
cggaattgtctagatc_c,sensitive
cggacacgtacaagta_c,sensitive
cggacacgtcttgagt_t20,resistant
cggagaaagtggactg_t20,resistant
cggcagtaggttagta_t20,resistant
cggcagtcagaccaag_t20,resistant
cggcagtcattggcat_c,sensitive
cggcagtgtacaaaca_c,sensitive
cggcagttctgctctg_t20,resistant
cgggcataggtgcagt_t20,resistant
cgggcattcgagcacc_t20,resistant
cgggcattctcacgaa_c,sensitive
cgggtcaagctcggct_c,sensitive
cgggtcacaacacgag_c,sensitive
cgggtcacacgacaga_c,sensitive
cgggtgtcagggatac_c,sensitive
cgggtgtgtatcgcat_c,sensitive
cgggtgtgtttcgctc_c,sensitive
cggtcagagctgccac_c,sensitive
cggtcaggtagcgtag_t20,resistant
cgtaagtcagcagtcc_t20,resistant
cgtaagttcgacgaga_c,sensitive
cgtaatgcaaccgatt_t20,resistant
cgtaatgcatcccact_t20,resistant
cgtaatgcatgtacgt_t20,resistant
cgtaatgcatgttacg_c,sensitive
cgtaatggtgagtaat_t20,resistant
cgtagtaaggttacct_c,sensitive
cgtcaaaaggaaaggt_c,sensitive
cgtccatagcgtgcct_c,sensitive
cgtccatcagtcggtc_t20,resistant
cgtccatgtcgctgca_t20,resistant
cgtccattcatggtac_c,sensitive
cgtgaatcagtaacct_c,sensitive
cgtgaattccgatagt_c,sensitive
cgtgataaggaacgaa_c,sensitive
cgtgatacaaggcttt_c,sensitive
cgtgatacagacaaat_t20,resistant
cgtgatacagctaact_t20,resistant
cgtgatacattgactg_t20,resistant
cgtgatatcaagtgtc_t20,resistant
cgtgcttgttgtgtac_c,sensitive
cgtgtctcaactacgt_c,sensitive
cgtgtctcacaaatag_c,sensitive
cgtgtctcatctcgtc_t20,resistant
cgtgtctgtttcactt_t20,resistant
cgttagaagggtcttt_c,sensitive
cgttagagtgcgctca_c,sensitive
cgttagatctcaggcg_t20,resistant
cgttagatcttgtgcc_t20,resistant
cgttggggtagctaaa_c,sensitive
cgttggggtggtttac_c,sensitive
ctaaccccaggtttac_c,sensitive
ctaacccgtgcacaag_c,sensitive
ctaacccgttagaagt_t20,resistant
ctaaccctccacttta_t20,resistant
ctaaccctcggtgtat_t20,resistant
ctaacttagtgacacg_t20,resistant
ctaacttgtgactcgc_t20,resistant
ctaacttgttcgcgtg_t20,resistant
ctacagacagcaggat_c,sensitive
ctacagacaggtacga_c,sensitive
ctacagatcgcccaga_c,sensitive
ctacattagcatgaat_c,sensitive
ctacattagggagtgg_c,sensitive
ctacattgtgtgagca_c,sensitive
ctacccacaaatggta_c,sensitive
ctacccagtctgtcct_t20,resistant
ctacctgagacaacta_c,sensitive
ctacctgcaaccgtat_c,sensitive
ctacctggtactgttg_t20,resistant
ctacgggcagagactg_t20,resistant
ctacgggtcatggatc_t20,resistant
ctacgggtctggaccg_c,sensitive
ctactatgtgcctaat_c,sensitive
ctactatgttaccgta_c,sensitive
ctactattccaaggga_c,sensitive
ctactattcgagcacc_t20,resistant
ctagacaaggcctgct_c,sensitive
ctagacagtgtttacg_t20,resistant
ctaggtaagcctcata_t20,resistant
ctaggtagtagtcgtt_c,sensitive
ctataggagcgccatc_t20,resistant
ctataggcaatgttgc_c,sensitive
ctatagggtgaattag_c,sensitive
ctataggtcggtgtta_t20,resistant
ctatccgcacttgagt_t20,resistant
ctatccggtgtcattg_t20,resistant
ctatccgtccacgaat_c,sensitive
ctatccgtcgccgtga_c,sensitive
ctatccgtcgcggtac_c,sensitive
ctatccgtctccatat_c,sensitive
ctatctacagagttct_c,sensitive
ctcaaccagacctcat_c,sensitive
ctcaaccagactcttg_c,sensitive
ctcaacccagtatacc_c,sensitive
ctcaacctcaccgacg_c,sensitive
ctcactgtcgatgcat_c,sensitive
ctcagaaagaagtatc_c,sensitive
ctcagaagtactgact_c,sensitive
ctcagaagtatgaaac_c,sensitive
ctcagaagtgtaaatg_t20,resistant
ctcagaatcagcgtcg_c,sensitive
ctcagaatccgggact_c,sensitive
ctcagggagtcgtcta_c,sensitive
ctcaggggtctcgcga_t20,resistant
ctcaggggtggcgctt_c,sensitive
ctcagggtcgtaggga_t20,resistant
ctcagtcagaatctag_c,sensitive
ctcagtcagggcagtt_t20,resistant
ctcagtccagtcaact_t20,resistant
ctcagtctccttgacc_c,sensitive
ctcatcgcaatacgct_t20,resistant
ctcatcggtatcgcta_c,sensitive
ctcatcggttacgatc_c,sensitive
ctcatcgtcctccaca_c,sensitive
ctcatgccagagaggg_c,sensitive
ctcatgctccgtatag_c,sensitive
ctcattacaagacgac_t20,resistant
ctcattacagagttgg_c,sensitive
ctcattatctcaatct_c,sensitive
ctccaactcaagaaac_c,sensitive
ctccaactcatgccct_c,sensitive
ctccaactcctcacgt_c,sensitive
ctccacaagcggatca_c,sensitive
ctccacagtgcaagac_t20,resistant
ctccacagtgcctttc_c,sensitive
ctccacatctgtaagc_c,sensitive
ctccatgagatgcagc_c,sensitive
ctccatgaggcatttc_c,sensitive
ctccatgagtactgtc_t20,resistant
ctccatgcaacctatg_t20,resistant
ctcccaagtcctccta_c,sensitive
ctcccaatcgcgtgac_t20,resistant
ctccctccacgaggta_c,sensitive
ctccctcgtaacatga_c,sensitive
ctccgatcacgtgtgc_t20,resistant
ctccgatcagatgcga_c,sensitive
ctcctcccacgcgtca_c,sensitive
ctcctccgtagattag_t20,resistant
ctcctccgtagcgtag_t20,resistant
ctcctcctccggacgt_t20,resistant
ctcctcctccgtgtgg_c,sensitive
ctcctcctcgtaacac_c,sensitive
ctcctcctcgttcatt_c,sensitive
ctcctcctctaacggt_c,sensitive
ctcctttcagaagcgt_c,sensitive
ctcctttcagagatta_c,sensitive
ctcctttgttaatgag_t20,resistant
ctccttttccaactag_c,sensitive
ctcgagggtacgaaat_c,sensitive
ctcgaggtcaccttat_c,sensitive
ctcgaggtcgctaaac_c,sensitive
ctctcgagtgacacga_c,sensitive
ctctcgagtgggattg_t20,resistant
ctctggtagccacaag_c,sensitive
ctctggtgtggtatgg_t20,resistant
ctgaatggtcgcatta_c,sensitive
ctgaatgtctcccaac_t20,resistant
ctgagcgagatgttcc_c,sensitive
ctgagcgagcactcta_t20,resistant
ctgagcgagcactgga_c,sensitive
ctgaggcagattgaca_c,sensitive
ctgaggccacggtgtc_c,sensitive
ctgaggcgtagttcca_t20,resistant
ctgaggctcgctgcga_c,sensitive
ctgatcccacaatgct_c,sensitive
ctgatcccaggctacc_t20,resistant
ctgatccgttgggaac_c,sensitive
ctgatcctcgaaggac_t20,resistant
ctgatcctctagagct_t20,resistant
ctgcaggcatctaacg_t20,resistant
ctgcagggtatccctc_c,sensitive
ctgcaggtccttctgg_c,sensitive
ctgcatccatcatgac_c,sensitive
ctgcatcgtgcccgta_t20,resistant
ctgcatctcagcagag_t20,resistant
ctgcatctcgtacaca_t20,resistant
ctgccatagcgttagg_c,sensitive
ctgccatcacagcctg_c,sensitive
ctgcctaagcatgttc_t20,resistant
ctgcctacacctgcga_c,sensitive
ctgcctagtcctcatc_c,sensitive
ctgcctatcaagcttg_t20,resistant
ctgcctatcttcccga_c,sensitive
ctgcgagagcatgcag_t20,resistant
ctgcgagaggttcatc_t20,resistant
ctgcgaggtcctccta_t20,resistant
ctgcgaggtgtatcca_c,sensitive
ctgcgaggtttcgttt_t20,resistant
ctgctcacagtcagcc_t20,resistant
ctgctcatccagtaca_c,sensitive
ctgctcatccatgcaa_c,sensitive
ctggacgtctaacgca_c,sensitive
ctggcaggtcgagatg_c,sensitive
ctggcaggtgagatcg_t20,resistant
ctggcagtcccattta_c,sensitive
ctggtctgtactgact_t20,resistant
ctggtctgtgtcacat_t20,resistant
ctggtcttcgccgaac_t20,resistant
ctgtaccaggagcaaa_t20,resistant
ctgtaccgtggcagat_c,sensitive
ctgtagaaggatacgc_t20,resistant
ctgtagaaggcatggt_c,sensitive
ctgtagacaacaagta_t20,resistant
ctgtattagaagtcta_c,sensitive
ctgtgaagtacgctta_c,sensitive
ctgtgaagttctcgct_c,sensitive
ctgtgaatctatccat_c,sensitive
ctgtgggagggtcaca_c,sensitive
ctgtgggcaaagcaat_c,sensitive
ctgtgggcagagcgta_t20,resistant
ctgtggggtgagacgt_c,sensitive
ctgtggggtggtttac_t20,resistant
ctgtggggttccgcga_c,sensitive
cttaccgcagaacgca_c,sensitive
cttaccgtcgagagca_c,sensitive
cttaccgtcgctgacg_t20,resistant
cttaccgtcggaccac_c,sensitive
cttaggacacgcggtt_c,sensitive
cttaggacacggaagt_t20,resistant
cttcaatagaatcgcg_t20,resistant
cttcaatagtagaccg_c,sensitive
cttcaatcaacagtgg_c,sensitive
cttccgagtaatcaag_c,sensitive
cttccgagtcgtacta_t20,resistant
cttccgatccaaccgg_c,sensitive
cttccgatcttcccag_c,sensitive
cttccttagtcacagg_c,sensitive
cttccttagttcatcg_c,sensitive
cttccttcagcagtag_c,sensitive
cttcctttcaagtctg_c,sensitive
cttcggtgtagtcgga_t20,resistant
cttcggtgtttccaag_c,sensitive
cttcggttcacctgtc_c,sensitive
cttctaaagtcataga_t20,resistant
cttctaacactacggc_c,sensitive
cttctaagtgtccaat_c,sensitive
cttctaagttctctcg_t20,resistant
cttctaatcggtctaa_c,sensitive
cttctaatcttaccgc_c,sensitive
cttctctcaccctaaa_c,sensitive
cttctctcagaaaccg_c,sensitive
cttctcttcggtgtat_c,sensitive
cttctcttcttaaggc_c,sensitive
cttgagagtacgaaat_c,sensitive
cttgagagtatcgagg_c,sensitive
cttgagagtatcgtgt_c,sensitive
cttgattagcatcccg_t20,resistant
cttgattcaagtgctt_t20,resistant
cttgatttcgcttaag_c,sensitive
cttgatttcggagcaa_c,sensitive
cttgatttctactcat_c,sensitive
cttgatttctagagct_c,sensitive
ctttcaaagcgactga_c,sensitive
ctttcggtccttcttc_t20,resistant
ctttcggtctcgctca_c,sensitive
ctttcggtcttggatg_c,sensitive
gaaacctcaaggagtc_c,sensitive
gaaacctgtaccatac_c,sensitive
gaaacctgtcccgcaa_c,sensitive
gaaatgaaggtcgaca_t20,resistant
gaaatgaaggttaaac_c,sensitive
gaaatgaaggttgacg_c,sensitive
gaaatgacagaacata_c,sensitive
gaaatgagtcccggta_c,sensitive
gaaatgatcagtgttg_c,sensitive
gaaatgatcccggtag_c,sensitive
gaacactagaggtatt_t20,resistant
gaacactgtagatcct_t20,resistant
gaacacttcaggtaaa_c,sensitive
gaacgttagagcaacc_t20,resistant
gaacgttagtggtggt_t20,resistant
gaacgttgtttggcta_c,sensitive
gaactgtcaaagaact_t20,resistant
gaactgtcaaccagag_c,sensitive
gaactgtgtctcgggt_c,sensitive
gaactgttcgtctcac_c,sensitive
gaagaatagagtatac_t20,resistant
gaagaataggcagcta_c,sensitive
gaagaatagtagagtt_c,sensitive
gaagcccaggtcctgc_c,sensitive
gaagccccaacagata_t20,resistant
gaagggtagccgttgc_c,sensitive
gaagggtcaagtcatc_t20,resistant
gaagggtgtcgctcga_c,sensitive
gaagggtgtctctcca_t20,resistant
gaagggtgttctccca_c,sensitive
gaagggttccacgtgg_t20,resistant
gaagggttctaacgca_t20,resistant
gaagtaacaatacaga_t20,resistant
gaagtaagtgagttgg_t20,resistant
gaagtaagttgatgtc_t20,resistant
gaatagacaggcatga_t20,resistant
gaatagatcaagtaag_c,sensitive
gaatagatcccggtag_c,sensitive
gaatagatccgaggct_t20,resistant
gaatcaccacacctgg_c,sensitive
gaatcgtaggttgacg_c,sensitive
gaatcgtgtcaggtga_t20,resistant
gacacgcagcgactag_t20,resistant
gacacgcagctttccc_t20,resistant
gacacgcaggttcttg_t20,resistant
gacacgcgtcaggagt_c,sensitive
gacacgcgtggagaaa_c,sensitive
gacacgcgttcaaaga_c,sensitive
gacagccgtatcaggg_t20,resistant
gacatcaagcttagtc_t20,resistant
gaccaatagagaggta_t20,resistant
gaccaatgtggtctcg_t20,resistant
gaccaatgtttacctt_c,sensitive
gaccaattccgattag_c,sensitive
gacccagaggtatctc_c,sensitive
gacccagcacccaagc_c,sensitive
gacccagcatgataga_c,sensitive
gacccagtcatctact_t20,resistant
gacccttagcgacttt_c,sensitive
gacccttgtaacgata_c,sensitive
gaccctttccaaccaa_c,sensitive
gaccctttctgattct_c,sensitive
gaccctttcttgcaag_t20,resistant
gaccgtgagagtgaag_t20,resistant
gaccgtgcacaaagcg_t20,resistant
gaccgtgcacaaggtg_c,sensitive
gaccgtgtcggttagt_c,sensitive
gaccttccacttgtcc_c,sensitive
gaccttcgtaacccta_t20,resistant
gaccttcgtagaatac_c,sensitive
gaccttcgtagacagc_c,sensitive
gaccttcgtccgacgt_t20,resistant
gacgttacacgaagac_c,sensitive
gacgttagtgtcttcc_t20,resistant
gacgttagttgactac_c,sensitive
gacgttatccagttcc_t20,resistant
gacgttatcggtgcac_c,sensitive
gactatgagtctgtac_t20,resistant
gactatgtctcagtcc_c,sensitive
gactcaaagggtttct_c,sensitive
gactcaaagtggtggt_c,sensitive
gactcaacactaacgt_c,sensitive
gactcaatcaatccga_c,sensitive
gactgatcaccctatc_t20,resistant
gactgatgttcgaagg_t20,resistant
gactgatgttgctagt_c,sensitive
gactgattcggagcaa_c,sensitive
gacttcccaatctctt_t20,resistant
gacttcccagtgtatc_t20,resistant
gacttccgtcctgttc_t20,resistant
gacttcctcccattcg_c,sensitive
gagaaatcaggcttgc_t20,resistant
gagaaattctccaaga_t20,resistant
gagaccccaaatgctc_c,sensitive
gagacttgtcttctat_c,sensitive
gagactttcgcacggt_c,sensitive
gagactttctacgcaa_c,sensitive
gagactttctcgtcgt_c,sensitive
gagaggtagctggcct_t20,resistant
gagaggtgtctgtcaa_c,sensitive
gagatggagatacgat_c,sensitive
gagatggagtccgtcg_t20,resistant
gagatggagttgctca_t20,resistant
gagatggtccatttac_t20,resistant
gagcctgagatagtca_c,sensitive
gagcctgcattcaccc_c,sensitive
gagcctgtcccgaacg_c,sensitive
gagcctgtcccgatct_c,sensitive
gagcctgtcgccagac_c,sensitive
gagctgcagtcagggt_c,sensitive
gagctgcagtgcgaca_t20,resistant
gagctgccaagcgatg_c,sensitive
gagctgcgtgcggtaa_c,sensitive
gaggcaacagacatct_t20,resistant
gaggcctaggatgcgt_c,sensitive
gaggcctcacgctgac_c,sensitive
gaggccttcgccgatg_c,sensitive
gagggatagaatgttg_c,sensitive
gagggataggtagtat_t20,resistant
gagggatagtaacgta_t20,resistant
gagggatagtcactac_t20,resistant
gagggatcagctgtta_t20,resistant
gagggatgtaggcagt_t20,resistant
gagggatgtctttcat_c,sensitive
gagggatgtggaaatt_c,sensitive
gagggtaagacatcct_t20,resistant
gagtctaaggaatcgc_c,sensitive
gagtctaagggccctt_t20,resistant
gagtctacaagctgtt_c,sensitive
gagtctacagcccaca_c,sensitive
gagtctagtgcctttc_t20,resistant
gagtctagtggatcag_c,sensitive
gagtctatcaggagac_c,sensitive
gagtgagagtagcata_c,sensitive
gagtgagcacgggtaa_c,sensitive
gagtgaggtatcagct_c,sensitive
gagtgaggtcctggtg_c,sensitive
gagtgaggtgttaacc_c,sensitive
gagtgagtcagtgatc_t20,resistant
gagtgagtctccgatc_c,sensitive
gagtgttagaattgtg_t20,resistant
gagtgttaggtcccgt_c,sensitive
gagtgttcaatagagt_c,sensitive
gagtgttgtgtttgca_c,sensitive
gagttacagtaagact_c,sensitive
gagttacgtggttcta_t20,resistant
gagttgtcatatgaag_t20,resistant
gagttgtgttgcctaa_t20,resistant
gagttgttcggtgcac_t20,resistant
gagtttgagatgctaa_t20,resistant
gagtttgagtattagg_c,sensitive
gagtttgagtcatgaa_t20,resistant
gagtttggtcctgggt_t20,resistant
gatagaaagctagata_t20,resistant
gatagaagtcatcaca_c,sensitive
gatagaagtgtaaaca_t20,resistant
gatagctcatcatttc_c,sensitive
gatagctgtgagccaa_t20,resistant
gatagctgtgctattg_c,sensitive
gatagcttccctgttg_c,sensitive
gatcacaaggagaggc_t20,resistant
gatcacatcgaatcca_c,sensitive
gatcagtgtacctatg_c,sensitive
gatcagtgttccgcag_t20,resistant
gatcagtgttgggaca_c,sensitive
gatcagttctagtcag_c,sensitive
gatcatgcataagatg_t20,resistant
gatccctagcctccag_t20,resistant
gatccctgtagtcttg_c,sensitive
gatcccttcgccgatg_t20,resistant
gatcgtacacagtcat_c,sensitive
gatcgtagtacagagc_c,sensitive
gatcgtagttgggtag_t20,resistant
gatcgtatcgtgcata_c,sensitive
gatcgtatctctgacc_t20,resistant
gatgacttcaacgtgt_c,sensitive
gatgacttcgagtgga_c,sensitive
gatgaggcagcacacc_c,sensitive
gatgaggtcaatccag_t20,resistant
gatgatcagcttctag_c,sensitive
gatgatccattgaaga_t20,resistant
gatgatcgtggactag_t20,resistant
gatgatctccctggtt_t20,resistant
gatgatctcggcactg_t20,resistant
gatgctaagctaagta_c,sensitive
gatgctacaaactaga_t20,resistant
gatggaggttgatgtc_t20,resistant
gatggagtcatcacag_c,sensitive
gatggagtctcatgcc_c,sensitive
gatgttgcacttcatt_c,sensitive
gatgttgtctgcttat_t20,resistant
gattcgaagaagtcat_c,sensitive
gattcgacaaatgagt_t20,resistant
gattcgacaaattgga_t20,resistant
gattcgagtagtcgtt_t20,resistant
gattcgatccataagc_c,sensitive
gattcttagacagcgt_c,sensitive
gattcttagtggaaag_t20,resistant
gattcttgtctgtgcg_t20,resistant
gattctttcatcaccc_c,sensitive
gattggtcactcccta_c,sensitive
gattggtcagcgaaca_c,sensitive
gattggtgttccacaa_t20,resistant
gattggtgtttactgg_c,sensitive
gattggttcacgtagt_t20,resistant
gatttctaggctgaac_t20,resistant
gatttcttcatacagc_c,sensitive
gatttcttcgacgtcg_t20,resistant
gcaacatgtaggaaag_t20,resistant
gcaacatgtcgaacag_t20,resistant
gcaacattcgcgatcg_t20,resistant
gcaaccgagacctcat_c,sensitive
gcaaccgagatcctac_c,sensitive
gcacggtcaacggcct_c,sensitive
gcacggtcaattgctg_t20,resistant
gcacggtcatgtcagt_t20,resistant
gcacggtgtgcctacg_c,sensitive
gcacggtgtgtgagca_t20,resistant
gcacggttcgagatgg_t20,resistant
gcacgtgagacatgcg_t20,resistant
gcacgtgcaagcgctc_c,sensitive
gcacgtgtctgatggt_t20,resistant
gcactaaagcagtacg_c,sensitive
gcactaacatcgttcc_c,sensitive
gcactaagtacagtct_t20,resistant
gcactaagttctcgct_c,sensitive
gcactaatcgagaata_c,sensitive
gcagccaagcaaatgt_c,sensitive
gcagccacatgataga_c,sensitive
gcagccagtttgggag_t20,resistant
gcagctgcagtatacc_c,sensitive
gcagctgtcctactgc_t20,resistant
gcaggctagaagcgct_c,sensitive
gcaggctcaccattcc_c,sensitive
gcaggctcatgtctag_c,sensitive
gcaggctgtagccaga_c,sensitive
gcaggctgtgattctg_c,sensitive
gcatctccagtagagc_t20,resistant
gcatctccatgtcagt_c,sensitive
gcatctcgtgcaataa_c,sensitive
gcatgatagagagggc_c,sensitive
gcatgatcaacctaac_t20,resistant
gcatgatgtatgacaa_c,sensitive
gcatgattcccgagac_t20,resistant
gcattagagcctggaa_c,sensitive
gcattagcacggcact_t20,resistant
gcattaggtcagtttg_c,sensitive
gccaacgagtgggaaa_c,sensitive
gccaacgcaaagctct_t20,resistant
gccaacgcaagctact_c,sensitive
gccagcatcatcctat_t20,resistant
gccaggtagaggttat_t20,resistant
gccaggtagccaagca_c,sensitive
gccaggtaggtacagc_t20,resistant
gccaggttccatttac_c,sensitive
gccagtgcaagacctt_c,sensitive
gccagtgtcgagtact_t20,resistant
gccagtgtcgtccatc_c,sensitive
gccatggagggatctg_c,sensitive
gccatggtcactgggc_t20,resistant
gccattcagatagcat_c,sensitive
gccattcaggcccgtt_c,sensitive
gccattctccgatagt_t20,resistant
gcccagaagcacaccc_c,sensitive
gcccagatcccaggca_t20,resistant
gcccgaacaattgtgc_t20,resistant
gcccgaacaatttcct_c,sensitive
gcccgaacatgagtaa_c,sensitive
gcccgaatcaacgcta_c,sensitive
gcccgaatccttaccg_t20,resistant
gccgatgagggatcac_t20,resistant
gccgatgagtccgcgt_c,sensitive
gccgatgcagggagag_c,sensitive
gccgatgcatgggaac_c,sensitive
gccgatgtcctacaag_c,sensitive
gccgatgtcctccaca_c,sensitive
gcgagaaagccgcact_c,sensitive
gcgagaaagtgaggtc_c,sensitive
gcgagaacacagtgag_c,sensitive
gcgagaagtatgtgtc_c,sensitive
gcgagaagttgccgac_t20,resistant
gcgagaatcgcaacat_c,sensitive
gcgagaatctattgtc_c,sensitive
gcgatcgcacccaagc_c,sensitive
gcgatcggtcccgtga_t20,resistant
gcgatcgtcatgtctt_c,sensitive
gcgatcgtctatactc_t20,resistant
gcggaaagtaatgatg_c,sensitive
gcggaaagtaggctcc_c,sensitive
gcggaaagtgtcattg_t20,resistant
gcggaaatcattacct_c,sensitive
gcgtgcaaggtcgtga_c,sensitive
gcgtttcagacgactg_t20,resistant
gcgtttccatgagaat_t20,resistant
gctacaaaggtacata_c,sensitive
gctacaagtataggat_c,sensitive
gctcaaaagcgtcaga_c,sensitive
gctcaaacaagagctg_t20,resistant
gctgaatagtgaatac_t20,resistant
gctgaatgtttatgcg_t20,resistant
gctgaattcaatctct_c,sensitive
gctgcagaggttcagg_c,sensitive
gctgcagcagtgtgcc_t20,resistant
gctgcaggtctgatac_t20,resistant
gctgcaggttaagaac_t20,resistant
gctgcagtcctattgt_t20,resistant
gctgggtagtggtcag_c,sensitive
gctgggtagtgttcac_c,sensitive
gctgggtgtcttccgt_c,sensitive
gctgggtgtggatcga_t20,resistant
gctgggttcgaaacaa_t20,resistant
gctgggttcgtcacct_t20,resistant
gcttcacaggtgcgat_c,sensitive
gcttcacgttgtttgg_t20,resistant
gcttcactcaaacgtc_c,sensitive
gcttcactctttctag_c,sensitive
gcttgggcatataccg_c,sensitive
gcttggggtactgagg_t20,resistant
gctttcggtaccgtgc_c,sensitive
gctttcggttcaaggg_t20,resistant
gctttcgtcgcctcta_t20,resistant
ggaaccccactgtcct_c,sensitive
ggaagtgagggatctg_c,sensitive
ggaagtggtaggcagt_c,sensitive
ggaagtggtgaaccga_c,sensitive
ggaagtgtcaatcttc_t20,resistant
ggaatctgtagatgta_t20,resistant
ggaatcttctatcact_t20,resistant
ggaatggaggctcacc_c,sensitive
ggaatggagttggcga_c,sensitive
ggacgtcgtatcctcc_t20,resistant
ggacgtcgtgggtatg_t20,resistant
ggacgtctcagtgtca_t20,resistant
ggacgtctccataagc_c,sensitive
ggacgtctcggtgtat_c,sensitive
ggacgtctctcaacga_t20,resistant
ggagaaccaatcacgt_c,sensitive
ggagaaccatactgtg_c,sensitive
ggagaacgtagcttgt_c,sensitive
ggagaacgtgacgtcc_c,sensitive
ggagaacgtgcccttt_c,sensitive
ggagaacgttcaaaga_c,sensitive
ggagaactcactttgt_c,sensitive
ggagatgaggtcgcct_c,sensitive
ggagatggtgacaggt_t20,resistant
ggagatggttacagct_c,sensitive
ggagatgtctcttgcg_c,sensitive
ggaggatagtctctga_c,sensitive
ggaggatcaatgttgc_t20,resistant
ggaggatcatcgtgcg_c,sensitive
ggaggatcattatgcg_t20,resistant
ggaggatgtggtaacg_c,sensitive
ggaggattcggtctgg_c,sensitive
ggaggtaaggtcactt_t20,resistant
ggaggtagtctgtgcg_c,sensitive
ggatctaagtcattgc_c,sensitive
ggatctatcaacccgg_c,sensitive
ggatgttaggtctact_c,sensitive
ggatgttcacgtcgtg_c,sensitive
ggatgttgtcacaatc_c,sensitive
ggatgtttctagtgtg_t20,resistant
ggcacgtagcctagga_t20,resistant
ggcacgtagtgcgtcc_c,sensitive
ggcacgtcaacgtatc_t20,resistant
ggcacgtcatcctcac_c,sensitive
ggcagtcagggtagct_c,sensitive
ggcgtcaaggaatgtt_t20,resistant
ggcgtcaaggcccact_t20,resistant
ggcgtcacaatgaaca_t20,resistant
ggcgtcacagctgtcg_c,sensitive
ggcgtcatccatttca_t20,resistant
ggcgtcatcggtcagc_c,sensitive
ggcgtcatcgttgcct_c,sensitive
ggctgtggtgtacgcc_c,sensitive
ggcttggcatagaggc_t20,resistant
ggctttcagagtggct_t20,resistant
ggctttcagggatcgt_t20,resistant
ggctttccacggatcc_c,sensitive
ggctttccaggttcat_c,sensitive
ggctttctcgagagac_c,sensitive
gggaagttcggttagt_t20,resistant
gggacaaaggatacat_c,sensitive
gggacaacatacagaa_t20,resistant
gggaccttcatgaaag_t20,resistant
gggactcagaacgtgc_c,sensitive
gggactcagcaactct_c,sensitive
gggactcagccgatcc_t20,resistant
gggactcaggcctgaa_c,sensitive
gggactcagggcagga_t20,resistant
gggagatagtacagat_c,sensitive
gggagatcaggttact_t20,resistant
gggagatgtcgcttgg_c,sensitive
gggagatgttaaggat_c,sensitive
gggagattcacgggaa_t20,resistant
gggagattcgatgcta_c,sensitive
gggagtacaggtttac_c,sensitive
gggagtagtgtttacg_t20,resistant
gggagtatcgctgcga_c,sensitive
gggatccagttatgga_c,sensitive
gggatcccaattagga_c,sensitive
gggatccgtacacgtt_t20,resistant
gggccataggtattga_c,sensitive
gggccatgtgcatgtt_c,sensitive
gggccattcagctctc_t20,resistant
gggccattcggactta_c,sensitive
gggcgttagtaagact_c,sensitive
gggctcatcaaacgtc_c,sensitive
gggtagacacattgtg_c,sensitive
gggtagacacgacgtc_c,sensitive
gggtagagtagtggca_t20,resistant
gggtattagcttgttg_c,sensitive
gggtattcataccaca_c,sensitive
gggtattgtccctgtt_c,sensitive
gggtattgttgcatac_c,sensitive
gggtatttctagcctc_c,sensitive
gggtcaccagcgagta_c,sensitive
gggtcacgtcattgca_c,sensitive
gggtcactccctatta_t20,resistant
gggtcactcgccagac_c,sensitive
gggtcactcgtagtgt_t20,resistant
gggtctgcacgcgcat_t20,resistant
gggtctgtcagccttc_c,sensitive
gggtgaaagtcgaggt_c,sensitive
gggtgaagtggcctca_c,sensitive
gggtgtcagttggagc_c,sensitive
gggtgtccaaatacga_c,sensitive
gggtgtcgtataccca_c,sensitive
gggtgtcgttccacaa_c,sensitive
gggttatagctagagc_c,sensitive
gggttatagctagccc_c,sensitive
gggttatgtattgacc_t20,resistant
gggttatgtcaaagta_t20,resistant
gggtttaagatggcgt_t20,resistant
gggtttaaggactggt_c,sensitive
gggtttacagtgcctg_c,sensitive
gggtttatctcaatct_t20,resistant
gggtttatctcactcg_c,sensitive
ggtaactcagtgggta_c,sensitive
ggtaatcagaaatcca_t20,resistant
ggtaatccaccaaagg_t20,resistant
ggtaatccataggttc_c,sensitive
ggtaatcgttaaggat_c,sensitive
ggtaatctcgagcctg_c,sensitive
ggtagagagtgctcat_t20,resistant
ggtagagcaggaatcg_t20,resistant
ggtagaggtgacgtcc_t20,resistant
ggtcacgcaagagtat_t20,resistant
ggtcacgcaggcaatg_c,sensitive
ggtcacgcatccgttc_t20,resistant
ggtcacgtcctcactg_c,sensitive
ggtctggaggtgctga_t20,resistant
ggtctgggtggtctgc_c,sensitive
ggtgaaggtgtgtgtt_t20,resistant
ggtgaagtctaagaag_c,sensitive
ggtgattagtcctgcg_c,sensitive
ggtgattcattgacca_c,sensitive
ggtgattgtaagtagt_t20,resistant
ggtggcttcaatcttc_t20,resistant
ggtgtcgcaaatcgtc_c,sensitive
ggtgtcggtctgcctt_t20,resistant
ggtgtcggttacgccg_c,sensitive
ggtgtcgtcgttctgc_c,sensitive
ggtgtcgtcttaccgc_t20,resistant
ggtgttaagctaaaca_c,sensitive
ggtgttacaccgtctt_t20,resistant
ggtgttagtggcccat_t20,resistant
ggtgttatccacctca_c,sensitive
ggttaacgttccaggc_c,sensitive
ggttaactcttccagc_c,sensitive
ggttctcagccggaat_t20,resistant
ggttctcagcggctct_t20,resistant
ggttctccacacggtc_t20,resistant
ggttctccactttagg_c,sensitive
gtaacacagcactcta_t20,resistant
gtaacactcagagcag_c,sensitive
gtaacactcttacgga_c,sensitive
gtaaccaagtccgtcg_c,sensitive
gtaagtcagatagtca_c,sensitive
gtaagtcagtttggct_c,sensitive
gtaagtctcatctcta_c,sensitive
gtaatcgagaagcggg_t20,resistant
gtaatcgagttgtcgt_t20,resistant
gtaatcggtggaggtt_c,sensitive
gtaatcgtctgggatt_c,sensitive
gtaatgcagaagcctg_c,sensitive
gtaatgcagattaccc_t20,resistant
gtacaaccaagaggct_t20,resistant
gtacaaccaaggagtc_c,sensitive
gtacaactcaccatcc_c,sensitive
gtacaactctatttcg_t20,resistant
gtacaactctctgcca_t20,resistant
gtacagtcaagtcccg_t20,resistant
gtacagtgttcggcgt_t20,resistant
gtacagttcagacaaa_c,sensitive
gtagaaaagccaaccc_t20,resistant
gtagaaagtgtcatgt_c,sensitive
gtagaggcatgtgcta_c,sensitive
gtagatctcacctggg_c,sensitive
gtagatctcgttcgct_t20,resistant
gtagatctctcactcg_t20,resistant
gtagatctctgagcat_c,sensitive
gtagctaagagagaac_c,sensitive
gtagctaagcctgcca_c,sensitive
gtagctacacaacgag_c,sensitive
gtagctatcctgatag_c,sensitive
gtaggagtcctgttgc_c,sensitive
gtaggttagtgacctt_c,sensitive
gtaggttgttgttgac_t20,resistant
gtaggtttcgttctat_c,sensitive
gtattggagatcggtg_t20,resistant
gtattggaggcgacat_c,sensitive
gtattgggttcggtcg_c,sensitive
gtattgggttgggttt_t20,resistant
gtattggtcaggagac_c,sensitive
gtatttcagcgattct_c,sensitive
gtatttccactcaagt_t20,resistant
gtatttctcaatctct_t20,resistant
gtatttctcgagaaat_c,sensitive
gtatttctctgcctca_t20,resistant
gtatttctctttacac_c,sensitive
gtcaaacaggcctgaa_c,sensitive
gtcaaactcggagcaa_c,sensitive
gtcaagtcaacaaagt_c,sensitive
gtcaagtcagattcgt_t20,resistant
gtcacggcaaaggatt_c,sensitive
gtcacggcacaccgca_t20,resistant
gtcacggtcaccctgt_c,sensitive
gtcacggtcctactgc_c,sensitive
gtcactcaggcatgca_c,sensitive
gtcagcgagaatccct_c,sensitive
gtcagcgaggtccctg_c,sensitive
gtcagcggtcccggta_c,sensitive
gtcagcggtgcctacg_c,sensitive
gtcatccaggtgcagt_c,sensitive
gtcatcccacccaacg_t20,resistant
gtcatcccagtcgctg_c,sensitive
gtcatccgtcgtcagc_t20,resistant
gtcatcctcattcatc_c,sensitive
gtcatgatcactgaac_t20,resistant
gtcatgatcctacacc_t20,resistant
gtcatttagccatgcc_c,sensitive
gtcatttgtagcgagt_c,sensitive
gtcatttgtggtctgc_c,sensitive
gtcattttccaactag_c,sensitive
gtccactcaccgaatt_t20,resistant
gtccactgtcgcacgt_c,sensitive
gtccactgtgcatcta_t20,resistant
gtccacttcggattac_c,sensitive
gtcccatgtgcgtcgt_c,sensitive
gtcctcatcagtccgg_c,sensitive
gtcgaatagaagtgtt_t20,resistant
gtcgaatcaagtgggt_c,sensitive
gtcgaatcagttctag_c,sensitive
gtcgaatcatcgatgt_c,sensitive
gtcgaatgtctcaggc_c,sensitive
gtcgaattcgtctcac_t20,resistant
gtcgcgaaggtcacag_c,sensitive
gtcgcgacatcttcgc_t20,resistant
gtcgcgagtctgcgca_t20,resistant
gtcgcgatcacctctg_c,sensitive
gtcgtaaagataacac_c,sensitive
gtcgtaagtctacatg_t20,resistant
gtcgtaagtttagaga_c,sensitive
gtctaccaggtgggtt_t20,resistant
gtctacccagactcta_c,sensitive
gtctagacatcagcat_c,sensitive
gtctagagtaacccgc_t20,resistant
gtctcacgtggcaaca_t20,resistant
gtctcactcccgaata_c,sensitive
gtctgtcgtcactaca_t20,resistant
gtctgtctccacatag_c,sensitive
gtctgtctccacggac_t20,resistant
gtctgtctctccatat_c,sensitive
gtctttaagctggtga_c,sensitive
gtctttacaatcgaaa_t20,resistant
gtctttacagctgtta_t20,resistant
gtctttatcttgagca_c,sensitive
gtgacgcagcctaact_c,sensitive
gtgacgccaatcgaaa_c,sensitive
gtgacgctcggtgtta_c,sensitive
gtgagccagaaatcca_c,sensitive
gtgagccagagccatg_c,sensitive
gtgagccagtggaaga_c,sensitive
gtgagcccatcgcctt_t20,resistant
gtgagcctccttcgac_t20,resistant
gtgagcctctggtcaa_c,sensitive
gtgaggacagcgacct_c,sensitive
gtgagttagaagtcat_c,sensitive
gtgagttagtcctaca_c,sensitive
gtgagttcaacgtatc_t20,resistant
gtgagttcagccgtca_c,sensitive
gtgagttgtcatagtc_t20,resistant
gtgagttgtgcattac_t20,resistant
gtgagtttcgcccaga_t20,resistant
gtgatgtcaagagaga_c,sensitive
gtgatgttcacccttg_c,sensitive
gtgatgttcattcgtt_c,sensitive
gtgcacgagaagtcat_c,sensitive
gtgcacgcatcatccc_c,sensitive
gtgcacggtcacgtgc_c,sensitive
gtgcgtgagtccgcca_t20,resistant
gtgcgtgcacgtgaga_c,sensitive
gtgcgtggtcataacc_c,sensitive
gtgcgtgtctaacacg_c,sensitive
gtgcgtgtctttcgat_c,sensitive
gtgctggagaccaacg_c,sensitive
gtgctggtccgatcgg_t20,resistant
gtgcttcagcacacag_c,sensitive
gtgcttctcccattcg_t20,resistant
gtgcttctcgtgagag_t20,resistant
gtggaagagcaagtgc_c,sensitive
gtggaagtctcattgt_c,sensitive
gtggaagtctgtgctc_c,sensitive
gtggagacactacggc_c,sensitive
gtggcgtaggtaaagg_c,sensitive
gtgggaaagggtcaac_c,sensitive
gtgggaaagtatggat_t20,resistant
gtgggaacattgagct_t20,resistant
gtgggaatcgccgagt_t20,resistant
gtggttaagaggtgct_t20,resistant
gtggttagtggtcaag_c,sensitive
gtgtaacgtacaaagt_c,sensitive
gtgtaacgtactgccg_c,sensitive
gtgtcctgtgtagtgg_c,sensitive
gtgtccttctggttga_t20,resistant
gtgtgatagacgcatg_t20,resistant
gtgtgatagttcctga_t20,resistant
gtgtgatcaacagccc_t20,resistant
gtgtgatgtcctgaat_t20,resistant
gtgtggcagagcactg_c,sensitive
gtgtggccacaaacgg_t20,resistant
gtgtggctcagcgcac_c,sensitive
gtgtggctcctgtacc_t20,resistant
gtgttagcacgccaca_c,sensitive
gtgttaggtagacaat_t20,resistant
gtgttaggttcggtcg_t20,resistant
gtgttaggttctcacc_t20,resistant
gtgttccgtccgaaga_t20,resistant
gtgttcctctcatgcc_t20,resistant
gttacagagaaacact_t20,resistant
gttacagagtactgtc_c,sensitive
gttacagcaagtatag_t20,resistant
gttacaggtactgccg_c,sensitive
gttacaggttgcttga_c,sensitive
gttaccccaccgtcga_t20,resistant
gttacccgtcgtggaa_c,sensitive
gttacccgttaggctt_c,sensitive
gttaccctccgtttcg_c,sensitive
gttaccctctaacggt_c,sensitive
gttacgagtctctcac_c,sensitive
gttacgatcagtgatc_t20,resistant
gttacgatccaaccaa_c,sensitive
gttacgatcgacgatt_t20,resistant
gttagacaggttccgc_c,sensitive
gttagtgagacaacta_t20,resistant
gttagtgaggtgctga_c,sensitive
gttagtggttacgatc_t20,resistant
gttagtgtcatctact_t20,resistant
gttatggagtcactac_c,sensitive
gttatggcaatctagc_c,sensitive
gttatggcacacttag_t20,resistant
gttatggcacccataa_c,sensitive
gttatggcactccact_c,sensitive
gttatggcaggcgttc_c,sensitive
gttatgggtaacatga_c,sensitive
gttcattcaaatcaga_t20,resistant
gttccgtaggtacagc_c,sensitive
gttccgtagtatgaca_c,sensitive
gttccgtgtaccacgc_t20,resistant
gttccgtgtcagtccg_c,sensitive
gttcgctcaagagctg_t20,resistant
gttcgctgtcactagt_c,sensitive
gttctatgtacgtgtt_t20,resistant
gttctattccaaccaa_t20,resistant
gttctattccgtacgg_c,sensitive
gttctattcctgctac_c,sensitive
gttctattctttacac_t20,resistant
gttgaaccaaatacga_t20,resistant
gttgaactcgaacact_c,sensitive
gttgcggcaagaggtc_t20,resistant
gttgcgggtctacaca_c,sensitive
gttgcggtcttaccgc_c,sensitive
gttgctcagacgctcc_c,sensitive
gttgctccagcagtag_t20,resistant
gttgctcgtatcacgt_c,sensitive
gttgctctcttccagc_c,sensitive
gttgtagcactggcca_c,sensitive
gttgtagtcactacga_c,sensitive
gttgtagtcctctgca_c,sensitive
gttgtccaggttggac_c,sensitive
gttgtccagtataggt_t20,resistant
gttgtcctcgaccaat_t20,resistant
gttgtcctcgttcgct_c,sensitive
gttgtgaagcgttagg_t20,resistant
gttgtgaaggttgacg_c,sensitive
gttgtgaagtaatacg_c,sensitive
gttgtgacaccacata_c,sensitive
gttgtgatcatctcta_c,sensitive
gtttactcattaggaa_c,sensitive
gtttggagtatgagcg_c,sensitive
gtttggagttctctat_c,sensitive
gtttggatcggatact_c,sensitive
taacacgcatatgaag_t20,resistant
taacacgcatgataga_t20,resistant
taacacggtacaagta_t20,resistant
taacacggtgtgtact_c,sensitive
taacacgtctatacgg_c,sensitive
taaccagagggtttct_t20,resistant
taaccagagtcttccc_t20,resistant
taaccagcagcagtcc_t20,resistant
taaccagtcattacct_c,sensitive
taaccagtcgagtcta_c,sensitive
taaccagtctcaaccc_c,sensitive
taacgacagtcattgc_c,sensitive
taacgaccaactagaa_t20,resistant
taacgacgtatggttc_t20,resistant
taacgacgttaacctg_c,sensitive
taacgacgttgtcatg_c,sensitive
taacttccacgtagag_t20,resistant
taacttcgtccgaaga_c,sensitive
taacttcgtggactag_c,sensitive
taacttctcatgccaa_t20,resistant
taacttctcccaggac_c,sensitive
taacttctctccaatt_c,sensitive
taagcacagcaccgaa_t20,resistant
taagcacgtatcgcgc_c,sensitive
taagcacgtctggtta_c,sensitive
taagcgtcaccggtca_t20,resistant
taagcgtgtacttccc_c,sensitive
taagcgttctctccga_t20,resistant
taagtcgagccttgat_t20,resistant
taagtcgcaaccctaa_c,sensitive
taagtcgcaagaggtc_c,sensitive
taagtcgtcaccgacg_c,sensitive
taagtcgtcgctgcga_c,sensitive
taagtcgtctgcctgt_c,sensitive
taatctcgttatagag_c,sensitive
taattccagacctccg_t20,resistant
taattccgtcaaccta_t20,resistant
taattcctcgttcgct_t20,resistant
tacaccccacggtgtc_t20,resistant
tacaggtagaggctgt_c,sensitive
tacaggttcaacgagg_t20,resistant
tacaggttcattcgga_c,sensitive
tacaggttctgcctca_c,sensitive
tacattcgttcgtaac_c,sensitive
tacccacagtttcgac_t20,resistant
tacccacgtactccct_c,sensitive
tacccacgttgtacgt_c,sensitive
tacccactcaatcttc_c,sensitive
tacccactcatttcca_c,sensitive
tacccgtagataggga_c,sensitive
tacccgtagatgttga_c,sensitive
taccgaaagaatccct_t20,resistant
taccgaacaggaagtc_c,sensitive
taccgaatccgcctat_c,sensitive
taccgggagaccagac_c,sensitive
taccgggcaagatgta_t20,resistant
taccggggtccgtttc_c,sensitive
tacctcgcagagttct_t20,resistant
tacctcgcatatctct_c,sensitive
tacctcgtcgacgcgt_t20,resistant
tacctgcgtaagatac_c,sensitive
tacctgcgtatgcttg_c,sensitive
tacctgcgtcctccat_c,sensitive
tacgctcgtagctgtt_t20,resistant
tacgctcgtattgacc_c,sensitive
tacgctctcgcagtta_c,sensitive
tacgctctcggcatat_t20,resistant
tacgggccacctgcag_t20,resistant
tacgggccagctgcca_c,sensitive
tacgggctcacgacta_t20,resistant
tacggtaagatggcgt_c,sensitive
tacggtaagggatcgt_c,sensitive
tacggtacacgtagtt_c,sensitive
tacggtatcggcttgg_c,sensitive
tacgtccgttggtgtt_c,sensitive
tacgtcctcgtttact_c,sensitive
tactgccagttcatgc_c,sensitive
tactgccgtatgaagt_c,sensitive
tactgccgtgcatttg_t20,resistant
tactgccgttcgtgcg_c,sensitive
tactgcctcacttgga_c,sensitive
tacttacgtagtcact_t20,resistant
tacttactcgttcaga_c,sensitive
tacttcagtaccgcgt_c,sensitive
tacttcagtgaggcat_c,sensitive
tacttcagttagaagt_c,sensitive
tacttcatcaacgtgt_c,sensitive
tacttgtagcgcccat_c,sensitive
tacttgtaggattcaa_c,sensitive
tacttgtcataccatg_c,sensitive
tacttgtcatctgcgg_c,sensitive
tacttgtgtgcgagta_t20,resistant
tacttgttcacaccct_c,sensitive
tagaccaagggtacac_c,sensitive
tagaccacaggcaatg_t20,resistant
tagaccagtggaggtt_t20,resistant
tagaccagttgtcatg_c,sensitive
tagaccatcgtagcta_t20,resistant
tagactgagttacggg_t20,resistant
tagactggtactcgta_c,sensitive
tagactgtccatctcg_t20,resistant
tagactgtcgatgcta_c,sensitive
tagagtccaatgcaaa_c,sensitive
tagagtctcctacggg_t20,resistant
tagagtctctagtgtg_t20,resistant
tagatcgaggaagtcc_c,sensitive
tagcacacaaactctg_t20,resistant
tagcacacagcttcgg_c,sensitive
tagcacagttctctat_c,sensitive
taggaggcaatttcgg_t20,resistant
taggaggcagttggtt_c,sensitive
taggaggtccacaagt_t20,resistant
taggaggtcgattccc_c,sensitive
taggaggtctgcagcg_t20,resistant
tagggtttccatttca_t20,resistant
taggtacgttaagcaa_t20,resistant
taggtacgttcaacgt_c,sensitive
taggtactcctccaca_c,sensitive
taggttgcacgaaagc_c,sensitive
taggttggtaagtagt_t20,resistant
taggttgtcactcgaa_t20,resistant
tagtgcacacgcgcat_t20,resistant
tagtgcacacttcaga_t20,resistant
tagtgcacatcacagt_c,sensitive
tatacctaggcatcag_c,sensitive
tatacctaggtcatct_c,sensitive
tatacctcacgaggat_c,sensitive
tataccttctcgcgtt_c,sensitive
tataccttcttcgctg_c,sensitive
tatatccgttccttgc_c,sensitive
tatcaggaggctctat_c,sensitive
tatcaggcagctaact_c,sensitive
tatcagggtcggaaac_c,sensitive
tatcctacaatttctc_c,sensitive
tatcctagttgcttga_t20,resistant
tatcctatcactccgt_t20,resistant
tatcgccaggaaagtg_c,sensitive
tatcgcctcaagtcgt_t20,resistant
tatcgcctcagcaccg_t20,resistant
tatctgtaggatatac_c,sensitive
tatctgtcaagttcgt_c,sensitive
tatctgtgtccctcat_c,sensitive
tatctgtgtgtgaccc_c,sensitive
tatctgtgttcggtta_t20,resistant
tatctgttccaaacca_t20,resistant
tatctgttcgtgcacg_c,sensitive
tatctgttctcattgt_c,sensitive
tatcttgcagccgttg_t20,resistant
tatgttcgtggtacag_c,sensitive
tatgttcgttcttgtt_c,sensitive
tatgttctccacgggt_c,sensitive
tatgttctccgagatt_c,sensitive
tatgttctccgatgcg_c,sensitive
tatgttctcgagttgt_c,sensitive
tatgttctctcgctca_c,sensitive
tattccaaggtcgaca_c,sensitive
tattccacatccggca_c,sensitive
tattccagtggctgct_c,sensitive
tattccatcaccttat_c,sensitive
tattccatccagttcc_t20,resistant
tattgctagggtagct_c,sensitive
tattgctcaaagggtc_t20,resistant
tattgctcaaccctaa_c,sensitive
tattgctcactgttcc_c,sensitive
tattgctgtaccgtgc_t20,resistant
tattgctgttagcgga_t20,resistant
tattgggagtggttgg_c,sensitive
tattgggcaactggtt_c,sensitive
tattggggtactaacc_c,sensitive
tatttcggtgtattcg_c,sensitive
tatttcgtcgtaggag_c,sensitive
tcaagacagagggtgg_c,sensitive
tcaagaccaaactgct_t20,resistant
tcaagaccattgactg_c,sensitive
tcaagcaagactccgc_c,sensitive
tcaagcacaacgtaaa_t20,resistant
tcaagcagtagttcca_c,sensitive
tcaagcagtcgttggc_c,sensitive
tcaagtgaggtaggct_c,sensitive
tcaagtgagtcgtcta_c,sensitive
tcaagtgcacagacga_c,sensitive
tcaagtgcatagaaac_t20,resistant
tcaagtggtgtgctta_t20,resistant
tcaagtgtcatgtcag_c,sensitive
tcaattccaccctcta_t20,resistant
tcacaagcacaatgct_c,sensitive
tcacaagcatggaacg_c,sensitive
tcacaaggtaatgcgg_c,sensitive
tcacaaggtcgcttgg_c,sensitive
tcacaagtccacacaa_c,sensitive
tcacaccagacggaaa_c,sensitive
tcacaccaggtacagc_t20,resistant
tcacacctcatagaga_c,sensitive
tcacattagagagcaa_c,sensitive
tcacattcaacttgca_c,sensitive
tcacattcactatcga_c,sensitive
tcacattgtgattctg_c,sensitive
tcacatttctccactg_t20,resistant
tcacgctcacggctac_c,sensitive
tcacgcttcaatccga_c,sensitive
tcacgcttctggagag_t20,resistant
tcacgggagtcgaagc_c,sensitive
tcacgggcacgtagtt_t20,resistant
tcactattccgtggtg_c,sensitive
tcactattcgaagccc_c,sensitive
tcactcggtctcggac_c,sensitive
tcactcgtcttggtcc_c,sensitive
tcagcaagtcgtacat_c,sensitive
tcagcaagttgtcatg_t20,resistant
tcagcctaggcatctt_c,sensitive
tcagcctagttctacg_c,sensitive
tcagcctcagcgtgct_c,sensitive
tcagcctgtgtttgca_c,sensitive
tcagccttcgtccttg_c,sensitive
tcagggcagcctctct_c,sensitive
tcagggcaggatacgc_c,sensitive
tcagggcgtagactgg_c,sensitive
tcagggcgttggagac_t20,resistant
tcagggctccaatccc_c,sensitive
tcaggtagtaggcaac_t20,resistant
tcagtcccaggttact_c,sensitive
tcagtccgtatacaga_c,sensitive
tcagtgatctctgcca_t20,resistant
tcagtttagccgattt_c,sensitive
tcagtttcatgacaaa_c,sensitive
tcatactaggtacata_c,sensitive
tcatactgtagtatag_c,sensitive
tcatactgtgtacagg_c,sensitive
tcatacttcgaacact_c,sensitive
tcatatcagtagagtt_c,sensitive
tcatatcgtgatagta_c,sensitive
tcatatctcatacggt_t20,resistant
tcatcatagctagaat_c,sensitive
tcatcatcaaccaatc_c,sensitive
tcatcatcaaccagag_c,sensitive
tcatcatcagaggact_t20,resistant
tcatcatgtacgaaat_c,sensitive
tcatcatgtgttgact_c,sensitive
tcatccgagctactac_c,sensitive
tcatccgcatcctcac_c,sensitive
tcatccgtcgctaaac_t20,resistant
tcatccgtcgttctat_t20,resistant
tcatgaggtgaagctg_t20,resistant
tcatgaggtggtctat_c,sensitive
tcatgcctccatatgg_c,sensitive
tcatggaagaaactac_t20,resistant
tcatggagttagttcg_c,sensitive
tcatggagtttagacc_t20,resistant
tcatggatcctagcgg_c,sensitive
tcatgttcacattctt_c,sensitive
tcattacagtgaacat_c,sensitive
tcattcaagcacgatg_t20,resistant
tcattcacagacaccc_t20,resistant
tcattcagtacggttt_c,sensitive
tcattcatcacgatca_t20,resistant
tcattgtcacggccat_c,sensitive
tcattgtgttgtctag_c,sensitive
tcattgttctcaatct_c,sensitive
tcatttgtcaagcgtt_t20,resistant
tcatttgtcagtaggg_c,sensitive
tccaccagtacaacgg_t20,resistant
tccaccatcgtaacac_t20,resistant
tccaccatctacgcgg_c,sensitive
tccacgtagctcttcc_c,sensitive
tccagaagtgattggg_c,sensitive
tccatcgagcattgaa_c,sensitive
tccatcgagcggacat_t20,resistant
tccatcgaggtcattc_c,sensitive
tccatcggttagagta_t20,resistant
tccatcgtcatcaccc_c,sensitive
tccatcgtctagacac_c,sensitive
tccatgcagcgacagt_c,sensitive
tcccacaagcatccta_c,sensitive
tcccacaaggaaacga_t20,resistant
tcccacagtactggga_c,sensitive
tcccacatccgttggg_c,sensitive
tcccacatctctccga_t20,resistant
tcccagtcagtagtgg_c,sensitive
tcccagtgtagccaga_t20,resistant
tcccatgcaagaaatc_t20,resistant
tcccatgcagcaccca_c,sensitive
tccgaaaaggtctact_c,sensitive
tccgaaagtaggtagc_c,sensitive
tccgatcagacatatg_t20,resistant
tccgatccactaccgg_t20,resistant
tccgatccatggccca_c,sensitive
tccgatctcaccacaa_c,sensitive
tccgatctctaagcgt_c,sensitive
tccgggaaggagacct_c,sensitive
tccgggagtgagtaat_c,sensitive
tccgtgttcactcgaa_c,sensitive
tccgtgttctgcctca_c,sensitive
tcctaatagttcactg_t20,resistant
tcctaatcacacctaa_c,sensitive
tcctaatcataccagt_c,sensitive
tcctaatcatagtcac_c,sensitive
tcctaatgtagctgtt_t20,resistant
tcctcccagaagcgaa_t20,resistant
tcctcccagccgtaag_t20,resistant
tcctccccacgacaag_c,sensitive
tcctccccaggattct_c,sensitive
tcctcccgtcaaagcg_c,sensitive
tcctccctccgtaggc_t20,resistant
tcctcgaagataacgt_c,sensitive
tcctcgaagcggctct_c,sensitive
tcctcgaagtattccg_c,sensitive
tcctcgagtcgcgttg_c,sensitive
tcctcttagaaaccat_c,sensitive
tcctcttaggtcattc_c,sensitive
tcctcttgtaccgtgc_c,sensitive
tcctcttgtgcggata_c,sensitive
tcctcttgtggaacca_c,sensitive
tcctctttcgcaagag_c,sensitive
tcctctttctccgtgt_c,sensitive
tcctgcacaaattgga_c,sensitive
tccttctcactatcga_t20,resistant
tccttctcagcagttt_c,sensitive
tccttctgttgttgca_c,sensitive
tcctttcagggcgaga_c,sensitive
tcctttccatcggtta_c,sensitive
tcctttcgttccgttc_t20,resistant
tcctttctcctattgt_c,sensitive
tcgaacagtcctccat_t20,resistant
tcgaagtagtgttgaa_t20,resistant
tcgaagtcacactggc_c,sensitive
tcgaagtcacggatcc_c,sensitive
tcgaagtcatcgctct_c,sensitive
tcgaagtgtgcatact_c,sensitive
tcgaagtgttagagat_c,sensitive
tcgaagttctgcacct_t20,resistant
tcgacctagcaagcca_c,sensitive
tcgacctagtgtacaa_t20,resistant
tcgacctcaactgccg_c,sensitive
tcgacctgtacacgcc_c,sensitive
tcgacctgtacagagc_t20,resistant
tcgacctgtatttctc_c,sensitive
tcgacggcaccagcgt_c,sensitive
tcgacggcatacacca_c,sensitive
tcgatttaggttccgc_t20,resistant
tcgatttgtaacccgc_c,sensitive
tcgattttccgcacga_c,sensitive
tcgcactcaagtacct_c,sensitive
tcgcaggagttctctt_c,sensitive
tcgctcaaggatttag_c,sensitive
tcgctcacagcctata_t20,resistant
tcgctcatcagacccg_c,sensitive
tcgcttgagttgtaga_c,sensitive
tcgcttgtcaaacctg_c,sensitive
tcgcttgtcactactt_c,sensitive
tcggataagagccgat_c,sensitive
tcggataaggctatct_c,sensitive
tcggatacataatgcc_t20,resistant
tcggatatcatgacac_c,sensitive
tcggatatcgccagtg_c,sensitive
tcgggacagcttgtgt_c,sensitive
tcgggaccactcgata_c,sensitive
tcgggcacatgccggt_c,sensitive
tcgggcagtagggtac_c,sensitive
tcgggcagtcgtttcc_c,sensitive
tcgggtgagtaaactg_t20,resistant
tcgggtggtggtgatg_c,sensitive
tcggtctgtcagtcgc_t20,resistant
tcgtagaagaccaaat_c,sensitive
tcgtagacattcaccc_c,sensitive
tcgtagagtgaacggt_t20,resistant
tcgtccaagtttgaga_t20,resistant
tcgtccagtgacgtcc_c,sensitive
tcgtccagttaccgta_c,sensitive
tcgtgctcagtcggtc_t20,resistant
tcgtgcttctccaaga_t20,resistant
tcgtgggagcagcaca_c,sensitive
tcgtggggtctaggcc_c,sensitive
tctaactcaattgcgt_c,sensitive
tctaactcaggactag_t20,resistant
tctaacttctggaagg_t20,resistant
tctacatagtgaggct_c,sensitive
tctacatcatagtcgt_c,sensitive
tctacatgtagcttac_t20,resistant
tctacatgtgacgcct_c,sensitive
tctacatgttattcct_c,sensitive
tctacattcgcaagag_c,sensitive
tctaccgagtagtctc_c,sensitive
tctaccgcaactgcta_t20,resistant
tctatacagtggactg_c,sensitive
tctataccagcaccca_c,sensitive
tctataccaggacagt_c,sensitive
tctatcaagatgcttc_c,sensitive
tctatcacaaatacag_t20,resistant
tctatcatcatgaggg_t20,resistant
tctcacgcatgcgtgc_t20,resistant
tctcacgtccctaggg_c,sensitive
tctcacgtctacctta_t20,resistant
tctcacgtctcctacg_c,sensitive
tctcagcagcgggtat_c,sensitive
tctcagcaggaacgct_t20,resistant
tctcagccaattgaag_t20,resistant
tctcagccagaaatca_c,sensitive
tctcagctcatgagtc_c,sensitive
tctccgatcgacgtcg_c,sensitive
tctctggtcgagttgt_c,sensitive
tctctggtcgccagac_c,sensitive
tctgccagtattgcca_c,sensitive
tctggctaggttcatc_c,sensitive
tctggctcacagagac_t20,resistant
tctggctgttggagac_c,sensitive
tctggcttcctgctac_c,sensitive
tctgtcgcacctctgt_t20,resistant
tctgtcgcagcagaca_c,sensitive
tctgtcgtcactgaac_c,sensitive
tctgtcgtctcgacgg_c,sensitive
tcttagtgttgtggag_t20,resistant
tcttcctaggcgaagg_c,sensitive
tcttcctgtgtttctt_t20,resistant
tcttgcgtcgagagca_t20,resistant
tctttgatcattgcga_c,sensitive
tctttgatcgaaccta_t20,resistant
tgaacgtagtcccagc_t20,resistant
tgaacgtgtacgctat_c,sensitive
tgaacgtgtgaggcat_t20,resistant
tgaacgtgttaggagc_t20,resistant
tgaatcgagttctacg_t20,resistant
tgaatcgcaaagctct_c,sensitive
tgaatcggtgctcttc_t20,resistant
tgaatcgtcgatccaa_t20,resistant
tgaatgcaggtgcttt_c,sensitive
tgaatgcgtcaccgca_c,sensitive
tgacagtagaccgcct_c,sensitive
tgacagtcacaacatc_c,sensitive
tgacagtgtcattgca_t20,resistant
tgacagtgtttacacg_c,sensitive
tgacagttctctcaat_c,sensitive
tgaccctcatccaatg_c,sensitive
tgacgcgagcttgttg_t20,resistant
tgacgcgaggaattac_c,sensitive
tgacgcggtatttctc_c,sensitive
tgactcccagtatacc_c,sensitive
tgactcctccagcacg_t20,resistant
tgactcctccgattag_t20,resistant
tgagactcatataccg_t20,resistant
tgagactgtatgaagt_c,sensitive
tgagactgtcgagtga_c,sensitive
tgagactgtggctgct_c,sensitive
tgaggagcaagctgcc_t20,resistant
tgagggaagaatacac_t20,resistant
tgagggaagccgatag_t20,resistant
tgagggaagcctgaag_c,sensitive
tgagggaaggaatcgc_c,sensitive
tgagggaagtcccgac_t20,resistant
tgaggttagtcatacc_c,sensitive
tgaggttcagaccaga_c,sensitive
tgaggttcatacacca_c,sensitive
tgaggttgttcatcga_c,sensitive
tgagtcacactgtgat_c,sensitive
tgagtcatctcatgcc_c,sensitive
tgatcagagaggtcgt_c,sensitive
tgatcagagctggagt_c,sensitive
tgatcagaggttggtg_c,sensitive
tgatcaggtacagtaa_c,sensitive
tgatcaggtccaaagg_t20,resistant
tgatcttagccttgat_t20,resistant
tgatcttagttatgga_t20,resistant
tgatcttcattgagct_c,sensitive
tgatcttgtctcagat_c,sensitive
tgatgcaagagttcgg_c,sensitive
tgatgcaagtggtgac_t20,resistant
tgatgcatccacacaa_c,sensitive
tgatggtgtcgtggtc_c,sensitive
tgattctcaagtcgtt_t20,resistant
tgattcttcacgaact_t20,resistant
tgattcttctggtggc_c,sensitive
tgatttcgtatcacca_t20,resistant
tgcacggcagaccgct_c,sensitive
tgcacggtcgcattga_t20,resistant
tgcacggtctgcacct_c,sensitive
tgcagataggtaggct_c,sensitive
tgcagatcagatgcga_c,sensitive
tgcagatcatcattgg_t20,resistant
tgcagatgtatctcga_t20,resistant
tgcaggcagccacaag_c,sensitive
tgcatccagattagac_t20,resistant
tgcatcctccctttgg_c,sensitive
tgcatcctctgcgtct_c,sensitive
tgccgaggtaacacct_c,sensitive
tgcgacgcattatgcg_c,sensitive
tgcgacgtctcatgga_c,sensitive
tgcggcacaccataac_c,sensitive
tgcgggtagaagaacg_c,sensitive
tgcgggtagctgaaat_t20,resistant
tgcgggtgtaaggctg_c,sensitive
tgcgggttcaccttat_c,sensitive
tgcgggttcaggcgaa_c,sensitive
tgcgggttcataggct_c,sensitive
tgctccaaggaattac_c,sensitive
tgctccaagtaccgga_t20,resistant
tgctccaagtagtgcg_t20,resistant
tgctccagtatcaaga_c,sensitive
tgctccatctcagaac_t20,resistant
tgctgaagtgcgaaca_c,sensitive
tgctgaatcgaccacg_t20,resistant
tgctgaatctcgcttg_c,sensitive
tgcttcgagtagacat_t20,resistant
tgcttcgcaaccgtgc_c,sensitive
tgcttcgcacgtacat_c,sensitive
tgcttgccaagtatag_c,sensitive
tggaactagcctgtgc_t20,resistant
tggaactcagtggtga_t20,resistant
tggagagagtaagcat_c,sensitive
tggagagtctgaatcg_c,sensitive
tggaggaaggaattac_c,sensitive
tggatcaagctggcct_c,sensitive
tggatcaaggctgtag_c,sensitive
tggatcagttccattt_c,sensitive
tggatgtagggtcaac_c,sensitive
tggatgtcaaccgtat_t20,resistant
tggatgtgtaagattg_c,sensitive
tggatgttccctcttt_t20,resistant
tggcgtgagtttgctg_c,sensitive
tggcgtgcatcggcca_c,sensitive
tggcgtgtccactggg_c,sensitive
tggcgtgtcgacattg_t20,resistant
tgggaaggtttacacg_c,sensitive
tgggaagtcagtcttt_c,sensitive
tgggagacacaagctt_c,sensitive
tgggagacagtcgctg_t20,resistant
tgggagagtccacagc_t20,resistant
tgggagagtggcgctt_c,sensitive
tgggattcagcaagac_c,sensitive
tgggattgtagacagc_t20,resistant
tgggattgtgctcttc_c,sensitive
tgggcgtagccgcact_c,sensitive
tgggcgtcaaatggat_c,sensitive
tgggcgtgtggcagat_c,sensitive
tgggcgttcccataga_t20,resistant
tgggcgttctgggcgt_t20,resistant
tgggctgagtagtcaa_t20,resistant
tgggctgcagagaatt_c,sensitive
tgggctggtgtctcct_c,sensitive
tgggttaagaccattc_c,sensitive
tgggttatcatctatc_t20,resistant
tgggttatctctatgt_t20,resistant
tggtacaagccatccg_c,sensitive
tggtacacagcgacaa_c,sensitive
tggtagtcagattaag_t20,resistant
tggtagtcattcgggc_t20,resistant
tggtagttcaatcttc_t20,resistant
tggtagttcgacccag_c,sensitive
tggtagttctcatgcc_t20,resistant
tggtgattcgtagccg_t20,resistant
tggttaggtctcgacg_c,sensitive
tggttagtccacgaat_c,sensitive
tggttagtcgagcacc_c,sensitive
tggttagtcggccttt_t20,resistant
tggttagtctgcacct_t20,resistant
tgtaacgagcctgacc_t20,resistant
tgtaacgcagaggact_t20,resistant
tgtaacgcaggcactc_t20,resistant
tgtaacggtacggcaa_t20,resistant
tgtaacggttccaaac_c,sensitive
tgtaacgtcagaacct_c,sensitive
tgtaagcaggacagct_t20,resistant
tgtaagcgtacacgcc_t20,resistant
tgtaagctcaaggacg_t20,resistant
tgtaagctcggtgtat_c,sensitive
tgtacagagcaggcat_c,sensitive
tgtacagagtgaggct_t20,resistant
tgtacagtcacccttg_c,sensitive
tgtagaccagccttct_c,sensitive
tgtagacgtccataca_c,sensitive
tgtcagacaaacaggc_t20,resistant
tgtcagacatcatgac_c,sensitive
tgtccacagcgattct_c,sensitive
tgtccaccacgcagtc_c,sensitive
tgtccaccagctgaag_t20,resistant
tgtccacgtatcacgt_t20,resistant
tgtccacgtggtctat_c,sensitive
tgtcccagtaggtgca_c,sensitive
tgtcccatcattcttg_c,sensitive
tgtgagtagggtcaac_c,sensitive
tgtgagtcacgacgct_c,sensitive
tgtgagtgtctcgcga_c,sensitive
tgtgatgcaaaggctg_t20,resistant
tgtgatgtctgagatc_c,sensitive
tgtgcggcacgacaag_t20,resistant
tgtgcggcacttcaga_t20,resistant
tgtgcgggtagatcgg_t20,resistant
tgtgcggtcacagagg_c,sensitive
tgtggcgagcatcagg_t20,resistant
tgtggcggtccacttc_c,sensitive
tgtggcggtgcacatt_c,sensitive
tgtgtgacactggacc_c,sensitive
tgtgtgacatgtacgt_t20,resistant
tgttactcagcattgt_c,sensitive
tgttactgttgagtct_t20,resistant
tgttcataggagcaaa_c,sensitive
tgttcatagtaggtta_c,sensitive
tgttcatgtatcgtac_t20,resistant
tgttcattcatggccg_c,sensitive
tgttccgagccattca_c,sensitive
tgttccgcacattcga_c,sensitive
tgttccggtaccgtgc_t20,resistant
tgttccggtgcaataa_c,sensitive
tgttccgtccgtcaaa_t20,resistant
tgttctagtgactcgc_c,sensitive
tgttctagtgagcagt_t20,resistant
tgttctatccgagtgc_t20,resistant
tgttctatcggacaag_t20,resistant
tgttgaggtacagttc_t20,resistant
tgttgaggtagtacgg_t20,resistant
tgttgaggtgactcta_t20,resistant
tgttggatcgatttct_c,sensitive
tgttggatcggccaac_c,sensitive
tgtttgtcaggtttac_t20,resistant
tgtttgtcatgacgag_c,sensitive
tgtttgttcagcgtcg_t20,resistant
ttaatcccaggcaatg_c,sensitive
ttacaggcacttgtga_t20,resistant
ttacagggtacggatg_t20,resistant
ttacaggtcgtcctca_c,sensitive
ttaccatagggatcgt_t20,resistant
ttaccattcacgatca_c,sensitive
ttaccattcactgggc_t20,resistant
ttaccattcgcttacc_c,sensitive
ttaccattctagcatg_t20,resistant
ttaccgcaggagtctg_c,sensitive
ttaccgctcaacacgt_c,sensitive
ttaccgctcattcgtt_t20,resistant
ttacgccgtctactga_t20,resistant
ttacgccgtgatacaa_t20,resistant
ttacgccgttaagaca_c,sensitive
ttacgcctccagtgta_t20,resistant
ttacgttagctatcca_c,sensitive
ttacgtttctccgtgt_c,sensitive
ttacgtttcttctaac_c,sensitive
ttactgtcacgaggat_c,sensitive
ttactgtgttacgtac_c,sensitive
ttactgttcaacacca_t20,resistant
ttaggcaagcgccttg_t20,resistant
ttaggcaagtcactgt_c,sensitive
ttaggcacagagttgg_t20,resistant
ttaggcagtttgggtt_t20,resistant
ttaggcatctgaacgt_c,sensitive
ttagggtcatcgatca_c,sensitive
ttagggttcactgaac_c,sensitive
ttagggttcgccaacg_c,sensitive
ttagtctagcgcatcc_t20,resistant
ttagtctgtagctaaa_t20,resistant
ttagtctgttactcag_c,sensitive
ttagtcttcgttatct_c,sensitive
ttattgcagtagaatc_c,sensitive
ttattgccacattgtg_t20,resistant
ttattgctcttcgtgc_t20,resistant
ttcaatccattctgtt_t20,resistant
ttcaatcgtaccgtgc_t20,resistant
ttcaatcgtccaacgc_t20,resistant
ttcaatctcttcgacc_c,sensitive
ttcaccggtagatcgg_c,sensitive
ttcaccggtcataaag_c,sensitive
ttcaccgtcatctgtt_c,sensitive
ttcaccgtctctatac_t20,resistant
ttcacgccagcccagt_t20,resistant
ttcacgcgtagtgtgg_t20,resistant
ttcacgctcgagtact_c,sensitive
ttcaggagtctgttag_t20,resistant
ttcaggatcgacattg_c,sensitive
ttcatgtagtgtgttc_t20,resistant
ttcatgtcacaaggtg_t20,resistant
ttcatgtgtattgacc_t20,resistant
ttcattgaggagtctg_t20,resistant
ttccaatcaagtgggt_c,sensitive
ttccaattccaatccc_c,sensitive
ttccaattcgcagtcg_t20,resistant
ttccacgcaatcacgt_t20,resistant
ttccacgtcgagatgg_t20,resistant
ttccggtcacggtgtc_c,sensitive
ttccggtgtactgcgc_c,sensitive
ttccggttcggaaacg_c,sensitive
ttccgtgagagtatac_t20,resistant
ttccgtgagggttgca_c,sensitive
ttccgtgcaaccacat_c,sensitive
ttccgtggtatgagcg_t20,resistant
ttccgtgtcagattgc_c,sensitive
ttcctaacaatcgcgc_c,sensitive
ttcctaacagtcggaa_c,sensitive
ttcctaagtctgcaat_c,sensitive
ttcctaatcgagcacc_c,sensitive
ttcctcttcaacgtgt_c,sensitive
ttcctcttcgagtccg_t20,resistant
ttcgattgtagcgctc_c,sensitive
ttcgctgagtgtagat_c,sensitive
ttcgctgtctcattac_c,sensitive
ttcgctgtcttctggc_c,sensitive
ttcggtcagctttccc_t20,resistant
ttcggtccacaatgaa_c,sensitive
ttcggtccacgcagtc_t20,resistant
ttcggtccagttagaa_c,sensitive
ttcggtcgttcgttcc_c,sensitive
ttcggtctccgatgta_c,sensitive
ttctaaccagcacgaa_c,sensitive
ttctaactcactactt_t20,resistant
ttctaactcgtggtat_c,sensitive
ttctagtcactgcgac_c,sensitive
ttctagtcagcccaca_c,sensitive
ttctagtgtagtggca_c,sensitive
ttctagtgttatccag_c,sensitive
ttctctcaggtcgagt_c,sensitive
ttctctctcaaagaac_t20,resistant
ttctgtaaggttcagg_c,sensitive
ttctgtacagaacttc_c,sensitive
ttcttccaggatacgc_t20,resistant
ttcttccgttcaatcg_c,sensitive
ttcttcctcgagaagc_t20,resistant
ttcttgatctaccaga_c,sensitive
ttgaacgcaagctact_c,sensitive
ttgaacgtcgttaccc_c,sensitive
ttgacccagctagaat_c,sensitive
ttgacccagctgtccg_t20,resistant
ttgacccaggtgccaa_c,sensitive
ttgacccgtagctcgc_c,sensitive
ttgacccgtgtaaatg_c,sensitive
ttgaccctctcagaac_c,sensitive
ttgagtgagtaaactg_t20,resistant
ttgagtgcaggttcgc_t20,resistant
ttgatggagggcagga_c,sensitive
ttgatggtcttaccgc_t20,resistant
ttgcattagtccctaa_t20,resistant
ttgcattcaccaggtc_c,sensitive
ttgcctgcagcgttgc_c,sensitive
ttgcctggtacaaagt_c,sensitive
ttgcctgtcctctctt_t20,resistant
ttgcgtcagcgcatcc_t20,resistant
ttgcgtccacgccaca_c,sensitive
ttgcgtccagttacca_c,sensitive
ttgcgtctccacgtgg_c,sensitive
ttgctgccagctcctt_c,sensitive
ttgctgccagtggtga_c,sensitive
ttggatgagatgccga_c,sensitive
ttggatgcaaatcaga_c,sensitive
ttggatggtcgttgcg_c,sensitive
ttggatggtgatcgtt_t20,resistant
ttggatgtcccgtgag_c,sensitive
ttggatgtcgccagtg_t20,resistant
ttgggatagcatcccg_t20,resistant
ttgggatagttaacga_t20,resistant
ttgggatgttccgttc_c,sensitive
ttgggattccatctcg_c,sensitive
ttgggcgcaacctatg_c,sensitive
ttgggcggtacgctta_c,sensitive
ttgggcggtcactagt_c,sensitive
ttgggcgtcaagaggc_t20,resistant
ttgggcgtccaactga_t20,resistant
ttgggtacacagcctg_t20,resistant
ttgggtatcactgatg_c,sensitive
ttggtttcaagctcta_c,sensitive
ttggtttcagatttcg_c,sensitive
ttggttttccgtgtct_c,sensitive
ttggttttcgctagcg_t20,resistant
ttgtggaagcgctgaa_t20,resistant
ttgtggagtgacatct_c,sensitive
ttgtggatcggttcaa_c,sensitive
ttgtgtttctttcgat_t20,resistant
ttgttcaagacatcct_c,sensitive
ttgttcacaagacctt_c,sensitive
ttgttcagtccagtta_c,sensitive
ttgttcagtccctgag_c,sensitive
ttgttgtagaagggat_c,sensitive
ttgttgtagggatgtc_c,sensitive
ttgttgtcaagacaat_c,sensitive
ttgttgtcaagacctt_c,sensitive
ttgttgttcacctcgt_c,sensitive
ttgttgttctgtccca_c,sensitive
ttgtttgagtcatcca_t20,resistant
ttgtttgcatgcacta_c,sensitive
ttgtttgtcacaccct_c,sensitive
ttgtttgtctagaacc_t20,resistant
tttaccagtaaccagg_t20,resistant
tttaccatcggtgaag_c,sensitive
tttacgtgtagcgtag_c,sensitive
tttacgttcgtagagg_c,sensitive
tttacgttctgcatga_t20,resistant
tttactgcaacgtatc_c,sensitive
tttactgcatgaagcg_c,sensitive
tttactgtcatgccgg_t20,resistant
tttactgtctagtacg_t20,resistant
tttagtcagctccacg_c,sensitive
tttagtcgtgaagctg_c,sensitive
tttagtcgtggcttgc_t20,resistant
tttagtcgtgttcagt_t20,resistant
tttagtctcccttccc_c,sensitive
tttagtctctttgcgc_c,sensitive
tttatgcagctcggct_c,sensitive
tttatgccacgaggat_c,sensitive
tttatgcgttcggtcg_c,sensitive
tttcacatctgcatga_t20,resistant
tttcagtcaagtatag_t20,resistant
tttcagtgtaacccgc_c,sensitive
tttcagtgtgcctgac_t20,resistant
tttcatggtaacgttc_c,sensitive
tttcctccacctgaat_c,sensitive
tttcctctcagtggga_c,sensitive
tttcgatagtggtggt_c,sensitive
tttcgatgtaggtagc_c,sensitive
tttgactcaagatgta_c,sensitive
tttgactgtacgagtg_c,sensitive
tttgacttctcggtct_t20,resistant
tttgatccaaattagg_t20,resistant
tttgatcgtgagaggg_t20,resistant
tttggagcaacggctc_c,sensitive
tttggaggttctcctg_c,sensitive
tttggagtcaagtcgt_c,sensitive
tttggttcaaatgatg_c,sensitive
tttgttgcagaaaccg_c,sensitive
tttgttggtggtctat_c,sensitive
